date,pm10,pm2_5,carbon_monoxide,nitrogen_dioxide,sulphur_dioxide,ozone,aerosol_optical_depth,dust,uv_index,us_aqi,european_aqi,source
2022-08-01,,,,,,,,,,,,
2022-08-02,,,,,,,,,,,,
2022-08-03,,,,,,,,,,,,
2022-08-04,120.76470588235294,83.9235294117647,2635.176470588235,82.23529411764706,23.894117647058824,186.23529411764707,1.2288235294117646,0.0,1.473529411764706,,,
2022-08-05,118.72500000000001,82.3,3027.375,96.5125,24.420833333333334,118.58333333333333,1.0304166666666668,0.0,1.1270833333333334,187.58823529411765,109.58823529411765,
2022-08-06,134.88333333333333,93.52083333333333,3394.375,113.91666666666667,21.829166666666666,124.625,1.1116666666666666,0.0,1.1604166666666667,184.08333333333334,106.83333333333333,
2022-08-07,144.14583333333334,99.95833333333333,4046.9583333333335,124.1125,19.266666666666666,105.75,0.995,0.0,1.5062499999999999,184.0,121.45833333333333,
2022-08-08,93.51666666666667,65.16250000000001,3171.8333333333335,112.98333333333333,17.733333333333334,49.041666666666664,0.65,0.0,2.060416666666667,162.75,103.79166666666667,
2022-08-09,131.41666666666666,90.675,3124.8333333333335,110.27916666666665,25.15833333333333,108.25,0.9362499999999999,0.0,1.6145833333333333,173.79166666666666,102.70833333333333,
2022-08-10,114.99583333333334,79.73333333333333,2936.7916666666665,102.76666666666667,20.008333333333333,86.54166666666667,0.7129166666666666,0.0,1.7312500000000002,170.33333333333334,110.83333333333333,
2022-08-11,98.48333333333333,68.40416666666667,2979.0416666666665,99.62083333333334,19.283333333333335,87.08333333333333,0.8154166666666667,0.0,1.6770833333333333,164.41666666666666,97.79166666666667,
2022-08-12,118.16250000000001,81.97500000000001,3207.2083333333335,107.88333333333333,24.65416666666667,115.125,1.2020833333333334,0.0,0.8812500000000001,176.75,98.91666666666667,
2022-08-13,111.14583333333333,77.325,2983.0416666666665,100.65833333333335,20.941666666666666,136.91666666666666,0.9133333333333334,0.0,1.34375,189.95833333333334,103.33333333333333,
2022-08-14,101.47916666666667,70.66250000000001,2540.625,83.0125,17.133333333333333,116.79166666666667,0.78375,0.0,1.4895833333333333,175.04166666666666,102.5,
2022-08-15,95.72500000000001,66.75416666666666,3216.9583333333335,108.78750000000001,16.420833333333334,84.41666666666667,0.6645833333333333,0.0,1.3875,156.41666666666666,89.54166666666667,
2022-08-16,99.04166666666667,69.175,3485.2916666666665,113.67916666666667,19.070833333333333,120.33333333333333,1.1166666666666667,0.0,1.2791666666666666,177.41666666666666,96.375,
2022-08-17,79.74583333333334,55.34583333333333,2717.9583333333335,78.30416666666666,13.15,82.95833333333333,0.5908333333333333,0.0,1.5687499999999999,157.54166666666666,89.0,
2022-08-18,70.7,48.74583333333334,2833.1666666666665,86.49166666666667,9.866666666666667,60.583333333333336,0.3870833333333333,0.0,2.275,147.625,84.29166666666667,
2022-08-19,77.90833333333333,53.84583333333333,3026.4583333333335,89.30833333333334,12.479166666666666,71.5,0.4075,0.0,2.283333333333333,138.91666666666666,80.33333333333333,
2022-08-20,90.42916666666667,62.39166666666667,3001.375,91.22083333333335,13.295833333333334,70.79166666666667,0.66125,0.0,1.8520833333333335,150.70833333333334,85.91666666666667,
2022-08-21,118.44166666666666,80.79583333333333,2752.125,93.07916666666667,21.704166666666666,116.58333333333333,1.1645833333333333,0.0,1.1645833333333333,172.20833333333334,94.91666666666667,
2022-08-22,110.3875,75.84166666666667,2729.0,88.07916666666667,19.9875,115.79166666666667,1.0025,0.0,1.6729166666666666,174.70833333333334,103.875,
2022-08-23,117.89166666666667,80.07916666666667,3033.0416666666665,103.45833333333333,17.650000000000002,90.54166666666667,0.8908333333333333,0.0,1.71875,168.95833333333334,105.54166666666667,
2022-08-24,111.1375,75.84166666666667,2341.7916666666665,74.175,24.270833333333332,117.95833333333333,1.0804166666666666,0.0,1.75,172.29166666666666,98.45833333333333,
2022-08-25,110.925,75.50416666666666,1527.1666666666667,42.1125,37.958333333333336,125.79166666666667,1.1616666666666666,0.0,1.5333333333333332,171.41666666666666,104.08333333333333,
2022-08-26,105.30833333333334,72.09166666666667,1765.75,61.79583333333333,32.141666666666666,105.66666666666667,0.7283333333333334,0.0,1.8645833333333333,165.25,99.16666666666667,
2022-08-27,110.42083333333333,76.12083333333334,2539.4583333333335,90.59166666666665,21.616666666666664,115.70833333333333,0.8545833333333334,0.0,1.4625000000000001,174.625,99.625,
2022-08-28,104.50833333333333,72.42916666666666,2237.9583333333335,73.44583333333334,19.645833333333332,135.41666666666666,0.98625,0.0,1.0270833333333333,179.33333333333334,96.875,
2022-08-29,93.83333333333333,65.07083333333334,2442.5833333333335,87.9375,16.554166666666667,110.33333333333333,0.8175,0.0,1.3520833333333335,168.08333333333334,92.08333333333333,
2022-08-30,116.46249999999999,79.81666666666666,3148.9583333333335,101.7375,22.691666666666666,136.95833333333334,1.1266666666666667,0.0,1.3229166666666667,187.66666666666666,100.41666666666667,
2022-08-31,114.65833333333332,78.46249999999999,2957.0,88.27083333333333,17.32916666666667,85.70833333333333,0.67625,0.0,1.8104166666666666,167.20833333333334,109.25,
2022-09-01,92.675,63.09583333333333,3059.375,95.8875,15.754166666666668,75.54166666666667,0.7154166666666666,0.0,1.3208333333333333,157.125,91.04166666666667,
2022-09-02,87.02083333333333,59.88333333333333,2727.375,92.10833333333333,16.016666666666666,87.875,0.6583333333333333,0.0,1.8770833333333332,160.83333333333334,89.5,
2022-09-03,82.60833333333333,57.26666666666667,2250.0416666666665,82.34166666666667,12.6,108.91666666666667,0.8216666666666667,0.0,1.2770833333333333,169.04166666666666,88.0,
2022-09-04,81.12083333333334,56.36666666666667,2400.625,90.1125,13.166666666666666,100.70833333333333,0.8320833333333333,0.0,1.76875,156.16666666666666,81.25,
2022-09-05,94.13333333333333,64.96666666666667,2704.3333333333335,90.08333333333333,16.579166666666666,95.66666666666667,0.975,0.0,1.4229166666666666,168.375,98.16666666666667,
2022-09-06,60.24166666666667,40.625,1756.375,61.86666666666667,13.116666666666667,59.708333333333336,0.7216666666666667,0.0,1.2208333333333332,128.04166666666666,77.83333333333333,
2022-09-07,85.20416666666667,58.73333333333333,2344.5416666666665,84.89999999999999,17.7375,105.125,0.8766666666666666,0.0,1.1770833333333333,144.25,79.25,
2022-09-08,72.10833333333333,50.1875,2383.1666666666665,74.93333333333334,14.345833333333333,75.91666666666667,0.525,0.0,1.5083333333333335,145.45833333333334,84.16666666666667,
2022-09-09,81.84166666666667,57.0625,3456.1666666666665,104.42083333333333,18.616666666666667,78.25,0.5154166666666667,0.0,1.7041666666666666,149.45833333333334,84.08333333333333,
2022-09-10,67.22916666666667,46.99166666666667,2375.5833333333335,92.94166666666666,15.370833333333332,54.583333333333336,0.5116666666666666,0.0,1.1666666666666667,138.20833333333334,80.91666666666667,
2022-09-11,71.5125,49.9625,2386.0,84.20416666666667,15.279166666666667,87.375,0.5733333333333334,0.0,1.9916666666666665,144.58333333333334,79.625,
2022-09-12,82.02083333333333,56.90833333333333,2273.7083333333335,82.28333333333333,18.391666666666666,90.375,0.7012499999999999,0.0,1.5083333333333335,145.70833333333334,80.875,
2022-09-13,117.625,81.65833333333333,3209.3333333333335,113.35000000000001,22.6875,120.20833333333333,0.9270833333333334,0.0,1.4979166666666668,177.875,93.75,
2022-09-14,105.64166666666667,73.55833333333334,3245.2083333333335,111.55416666666667,14.504166666666668,111.79166666666667,0.8475,0.0,1.6729166666666666,179.25,104.625,
2022-09-15,99.55,69.33749999999999,3382.0416666666665,124.58749999999999,14.279166666666667,80.875,0.7154166666666667,0.0,1.9604166666666665,160.625,96.66666666666667,
2022-09-16,117.54166666666667,81.875,3915.0,118.04583333333333,15.408333333333333,116.5,0.8904166666666667,0.0,1.6208333333333333,176.54166666666666,105.20833333333333,
2022-09-17,82.83749999999999,57.64166666666667,2659.9583333333335,88.66666666666667,12.916666666666666,102.125,0.6566666666666666,0.0,2.064583333333333,166.875,92.29166666666667,
2022-09-18,99.19166666666666,68.57083333333334,3125.2083333333335,117.55833333333334,15.5625,93.25,0.7029166666666667,0.0,2.0520833333333335,160.33333333333334,86.79166666666667,
2022-09-19,147.02916666666667,100.85000000000001,4225.083333333333,133.01666666666668,21.083333333333332,123.625,1.10875,0.0,1.2375,185.75,116.41666666666667,
2022-09-20,113.21249999999999,77.51666666666667,2992.9166666666665,110.27083333333333,20.162499999999998,96.75,0.8175,0.0,1.6833333333333333,172.91666666666666,103.16666666666667,
2022-09-21,135.11249999999998,93.04583333333333,3720.4166666666665,121.47916666666667,22.570833333333336,93.75,0.8475,0.0,1.3020833333333333,174.91666666666666,116.0,
2022-09-22,148.07083333333333,102.4875,3703.9583333333335,129.79583333333332,25.270833333333332,101.79166666666667,1.26625,0.0,1.1166666666666667,178.29166666666666,112.58333333333333,
2022-09-23,110.21249999999999,76.87083333333334,2727.5,85.8125,20.058333333333334,125.95833333333333,1.0374999999999999,0.0,1.1166666666666667,186.70833333333334,116.66666666666667,
2022-09-24,85.02083333333333,59.26666666666667,2803.2083333333335,91.10000000000001,17.858333333333334,113.16666666666667,0.50625,0.0,2.1333333333333333,172.41666666666666,89.91666666666667,
2022-09-25,120.7625,83.93333333333334,3920.9583333333335,135.63333333333333,24.045833333333334,117.54166666666667,0.85875,0.0,1.9479166666666667,176.08333333333334,96.25,
2022-09-26,133.04583333333332,91.95833333333333,3037.7083333333335,118.2,18.333333333333332,120.91666666666667,1.0095833333333333,0.0,1.8666666666666665,183.79166666666666,112.25,
2022-09-27,119.71249999999999,82.32916666666667,2706.6666666666665,97.25833333333333,23.5625,122.5,0.9175,0.625,1.9833333333333334,182.08333333333334,108.91666666666667,
2022-09-28,138.40833333333333,94.9875,2821.4166666666665,95.94583333333333,30.016666666666666,136.58333333333334,1.2129166666666666,1.0833333333333333,1.7333333333333334,186.04166666666666,111.16666666666667,
2022-09-29,121.82916666666667,83.53750000000001,2477.375,81.02916666666667,23.566666666666666,107.625,1.04625,0.75,1.4749999999999999,180.08333333333334,117.08333333333333,
2022-09-30,78.55416666666666,53.833333333333336,2399.5416666666665,72.12083333333334,16.3875,75.66666666666667,0.5408333333333334,0.125,1.9416666666666667,157.0,93.70833333333333,
2022-10-01,74.13333333333334,50.887499999999996,2379.6666666666665,73.59583333333333,14.112499999999999,83.04166666666667,0.5870833333333333,0.0,2.0229166666666667,147.16666666666666,81.16666666666667,
2022-10-02,60.833333333333336,41.9625,1894.2083333333333,72.87083333333334,16.6875,43.0,0.5754166666666667,0.0,1.2166666666666666,122.83333333333333,75.66666666666667,
2022-10-03,75.47500000000001,52.5375,2771.5,88.27083333333333,17.820833333333333,51.041666666666664,0.6029166666666667,0.0,1.3458333333333332,130.375,78.125,
2022-10-04,75.575,52.65833333333333,2330.9583333333335,85.85000000000001,16.633333333333333,82.875,0.7912499999999999,0.0,1.6166666666666665,146.75,80.625,
2022-10-05,73.10416666666667,50.9,2251.7083333333335,89.20416666666667,21.704166666666666,55.208333333333336,0.8270833333333334,0.0,0.9729166666666668,138.83333333333334,80.83333333333333,
2022-10-06,74.58749999999999,51.85833333333333,2183.0833333333335,77.89166666666667,14.295833333333334,86.04166666666667,0.6529166666666667,0.0,1.9500000000000002,155.875,85.08333333333333,
2022-10-07,56.762499999999996,39.69583333333333,2440.9583333333335,69.53750000000001,13.799999999999999,55.208333333333336,0.39166666666666666,0.0,1.18125,113.79166666666667,72.75,
2022-10-08,101.00416666666666,70.52916666666667,4123.541666666667,103.95,24.383333333333336,96.25,0.6766666666666666,0.0,1.41875,155.58333333333334,83.79166666666667,
2022-10-09,95.54583333333333,66.77083333333333,3010.375,105.77083333333333,14.266666666666666,81.79166666666667,1.0054166666666666,0.0,1.1583333333333334,161.25,97.375,
2022-10-10,89.6875,62.65416666666667,2953.4583333333335,103.06666666666666,19.945833333333333,77.41666666666667,0.8808333333333334,0.0,1.1333333333333333,150.625,86.625,
2022-10-11,160.63333333333333,112.23333333333333,5104.5,158.99166666666667,32.35,105.0,1.8391666666666666,0.0,0.4770833333333333,178.91666666666666,113.5,
2022-10-12,139.7125,97.62083333333334,4838.5,147.35416666666666,23.40416666666667,120.33333333333333,1.35375,0.0,0.7833333333333333,196.33333333333334,132.29166666666666,
2022-10-13,78.6125,54.7125,2763.3333333333335,86.65833333333335,17.104166666666668,100.04166666666667,0.8354166666666667,0.0,1.2291666666666667,172.08333333333334,95.04166666666667,
2022-10-14,75.625,52.550000000000004,2638.625,87.72083333333335,19.162499999999998,74.33333333333333,0.7999999999999999,0.0,1.1541666666666666,147.33333333333334,82.20833333333333,
2022-10-15,70.35416666666667,48.9,2338.6666666666665,86.95833333333333,18.616666666666667,69.0,0.68,0.0,1.5666666666666667,139.79166666666666,80.375,
2022-10-16,97.55416666666667,67.75416666666666,2574.8333333333335,93.4375,23.233333333333334,98.91666666666667,0.9679166666666666,0.4583333333333333,1.2249999999999999,159.5,85.79166666666667,
2022-10-17,102.6375,71.175,2614.0,92.68333333333334,19.804166666666667,131.33333333333334,0.9458333333333333,0.25,1.5020833333333332,184.95833333333334,95.0,
2022-10-18,101.46249999999999,70.51666666666667,2599.25,89.05,19.370833333333334,117.20833333333333,1.1170833333333332,0.0,1.1500000000000001,178.91666666666666,97.875,
2022-10-19,88.00416666666666,61.4125,2526.5,88.175,19.716666666666665,111.375,1.0804166666666666,0.0,0.9770833333333333,170.83333333333334,94.25,
2022-10-20,70.04166666666667,48.92916666666667,2265.6666666666665,87.5,17.491666666666667,80.875,0.7695833333333333,0.0,0.725,137.41666666666666,80.70833333333333,
2022-10-21,99.77916666666665,69.54166666666667,2794.8333333333335,103.27499999999999,23.0125,99.33333333333333,0.8645833333333334,0.0,1.6354166666666667,166.95833333333334,91.33333333333333,
2022-10-22,104.10833333333333,72.72083333333333,2805.625,103.27083333333333,19.091666666666665,103.29166666666667,0.8108333333333334,0.0,1.4708333333333332,170.875,96.58333333333333,
2022-10-23,48.225,33.675000000000004,1975.4583333333333,50.074999999999996,9.641666666666667,40.083333333333336,0.36000000000000004,0.0,1.5291666666666668,136.91666666666666,82.95833333333333,
2022-10-24,36.43333333333333,25.445833333333336,1914.7083333333333,43.88333333333333,6.3999999999999995,22.75,0.15166666666666667,0.0,1.7166666666666668,87.41666666666667,63.666666666666664,
2022-10-25,42.84583333333333,29.895833333333332,1878.1666666666667,50.78333333333333,9.791666666666666,32.833333333333336,0.15291666666666667,0.0,1.5958333333333332,79.125,58.041666666666664,
2022-10-26,46.75,32.5875,2737.2083333333335,59.34166666666667,11.358333333333334,14.125,0.15083333333333335,0.0,1.075,84.125,62.541666666666664,
2022-10-27,62.70416666666667,43.0875,3565.9583333333335,57.237500000000004,10.583333333333334,65.5,0.27958333333333335,0.0,2.23125,122.45833333333333,75.125,
2022-10-28,39.05416666666667,26.849999999999998,2189.5833333333335,45.0,6.1625000000000005,36.916666666666664,0.14833333333333334,0.0,2.3270833333333334,95.66666666666667,66.58333333333333,
2022-10-29,79.72500000000001,54.82083333333333,3129.4166666666665,98.21666666666665,12.658333333333333,89.75,0.63875,0.0,1.5479166666666666,125.125,72.5,
2022-10-30,79.40833333333333,54.012499999999996,2884.9166666666665,113.04583333333333,12.979166666666666,73.20833333333333,0.5675,0.0,2.247916666666667,151.79166666666666,85.70833333333333,
2022-10-31,105.05833333333334,70.65416666666667,2532.2916666666665,92.52083333333333,17.3125,94.08333333333333,1.2466666666666666,0.0,1.1770833333333333,159.54166666666666,89.29166666666667,
2022-11-01,112.77499999999999,76.67083333333333,3163.9583333333335,103.72500000000001,15.383333333333333,108.20833333333333,0.9333333333333332,0.0,1.8125,175.70833333333334,99.04166666666667,
2022-11-02,101.45416666666667,69.69166666666666,3124.125,105.00833333333333,14.612499999999999,86.33333333333333,0.97375,0.0,1.9833333333333334,166.54166666666666,99.79166666666667,
2022-11-03,111.25,76.78750000000001,2302.0833333333335,84.55416666666666,19.4375,94.33333333333333,0.99625,0.0,1.375,166.33333333333334,100.79166666666667,
2022-11-04,85.19166666666666,59.27916666666667,2443.0,82.575,15.887500000000001,111.91666666666667,0.8325,0.0,1.9124999999999999,171.95833333333334,93.70833333333333,
2022-11-05,87.89583333333333,61.22083333333333,2205.5,79.8125,19.466666666666665,135.58333333333334,0.8275,0.0,1.7458333333333333,174.0,85.79166666666667,
2022-11-06,98.7375,68.9875,2824.75,99.575,20.258333333333333,83.91666666666667,1.12375,0.0,1.1333333333333333,157.08333333333334,92.08333333333333,
2022-11-07,71.40833333333333,49.89166666666667,1920.8333333333333,73.27499999999999,15.612499999999999,73.625,0.9104166666666668,0.0,1.2208333333333334,153.625,91.04166666666667,
2022-11-08,80.77083333333333,56.29583333333333,2670.5416666666665,90.90416666666665,19.375,48.875,0.6716666666666667,0.0,1.0270833333333333,139.54166666666666,81.04166666666667,
2022-11-09,82.78333333333333,57.862500000000004,3837.875,86.75,17.829166666666666,62.5,0.56375,0.0,1.5562500000000001,152.375,88.0,
2022-11-10,57.32916666666667,40.02916666666667,3566.0,57.854166666666664,11.733333333333334,27.083333333333332,0.20583333333333334,0.0,1.45,140.58333333333334,81.54166666666667,
2022-11-11,41.041666666666664,28.599999999999998,2229.8333333333335,45.44583333333333,6.229166666666667,31.625,0.205,0.0,1.7291666666666667,87.08333333333333,63.458333333333336,
2022-11-12,80.09166666666667,55.67916666666667,3082.5416666666665,78.59583333333333,13.674999999999999,79.33333333333333,0.7770833333333332,0.0,1.4770833333333335,121.33333333333333,72.83333333333333,
2022-11-13,101.12083333333334,70.625,3560.2916666666665,121.52916666666665,19.891666666666666,67.08333333333333,0.7729166666666667,0.0,1.2416666666666667,154.41666666666666,90.25,
2022-11-14,123.6125,86.28750000000001,3703.9583333333335,115.375,25.483333333333334,129.29166666666666,1.0454166666666667,0.0,1.175,192.875,106.25,
2022-11-15,85.675,59.604166666666664,2806.75,91.56666666666666,20.345833333333335,70.75,0.59875,0.0,1.2354166666666666,160.70833333333334,98.5,
2022-11-16,62.050000000000004,42.82083333333333,2369.0,76.02083333333333,13.820833333333333,57.083333333333336,0.3625,0.0,2.0166666666666666,131.5,78.66666666666667,
2022-11-17,42.75,29.7375,1825.7083333333333,58.19583333333333,12.470833333333333,21.916666666666668,0.24166666666666667,0.0,1.1104166666666666,114.0,72.875,
2022-11-18,25.4875,17.495833333333334,1297.0833333333333,33.358333333333334,8.487499999999999,17.125,0.12458333333333334,0.0,1.7562499999999999,68.04166666666667,43.333333333333336,
2022-11-19,27.679166666666664,18.816666666666666,1444.125,30.03333333333333,6.966666666666666,24.291666666666668,0.14333333333333334,0.0,2.20625,70.58333333333333,47.166666666666664,
2022-11-20,27.008333333333336,18.575,1260.0416666666667,33.0875,4.6875,37.625,0.12791666666666668,0.0,2.629166666666667,59.458333333333336,34.541666666666664,
2022-11-21,35.69166666666667,24.462500000000002,1582.375,40.68333333333333,5.9750000000000005,42.208333333333336,0.18875,0.0,2.285416666666667,72.625,52.0,
2022-11-22,34.82083333333333,24.0125,1693.125,43.65833333333333,5.8125,26.75,0.19083333333333333,0.0,2.1041666666666665,75.125,55.166666666666664,
2022-11-23,51.270833333333336,35.291666666666664,1839.1666666666667,56.104166666666664,10.829166666666666,49.0,0.38999999999999996,0.0,1.71875,84.875,63.208333333333336,
2022-11-24,37.733333333333334,26.354166666666668,2027.125,45.520833333333336,7.554166666666667,26.875,0.18916666666666668,0.0,1.7958333333333334,90.5,64.79166666666667,
2022-11-25,66.52083333333333,45.90416666666667,2644.625,69.04166666666667,16.508333333333333,66.04166666666667,0.3933333333333333,0.0,2.127083333333333,106.75,69.58333333333333,
2022-11-26,67.64583333333333,46.9375,2902.75,80.34166666666667,16.4375,37.833333333333336,0.39291666666666664,0.0,1.6770833333333333,122.66666666666667,75.66666666666667,
2022-11-27,121.74583333333334,84.50416666666666,4042.0416666666665,112.20833333333333,23.25833333333333,85.29166666666667,1.0574999999999999,0.0,1.5041666666666667,158.5,90.79166666666667,
2022-11-28,115.42916666666667,80.375,2822.7083333333335,93.28750000000001,19.95,121.45833333333333,1.0883333333333334,0.0,1.33125,188.79166666666666,109.25,
2022-11-29,96.90416666666665,67.45,2917.4166666666665,107.8,15.795833333333334,87.45833333333333,0.6629166666666667,0.0,2.1416666666666666,166.0,100.33333333333333,
2022-11-30,100.42916666666667,69.52499999999999,3809.9166666666665,114.72916666666667,20.270833333333332,47.708333333333336,0.7025,0.0,1.6187500000000001,155.79166666666666,93.16666666666667,
2022-12-01,118.49583333333334,81.88333333333334,4332.833333333333,108.45,16.529166666666665,108.66666666666667,1.2104166666666667,0.0,1.0687499999999999,180.20833333333334,102.33333333333333,
2022-12-02,76.675,52.88333333333333,3119.2916666666665,96.44583333333333,13.979166666666666,48.458333333333336,0.4479166666666667,0.0,1.7979166666666666,156.91666666666666,95.33333333333333,
2022-12-03,97.54166666666667,67.59583333333333,3459.5,114.1875,21.545833333333334,90.25,0.7279166666666667,0.0,1.6833333333333333,154.16666666666666,83.41666666666667,
2022-12-04,116.55833333333334,80.80833333333334,3287.9583333333335,104.66250000000001,22.15833333333333,141.04166666666666,1.2370833333333333,0.0,1.2791666666666666,194.66666666666666,103.70833333333333,
2022-12-05,83.60000000000001,58.01666666666667,2485.2916666666665,88.61666666666667,21.75,96.375,0.8158333333333334,0.0,1.2625,167.79166666666666,93.58333333333333,
2022-12-06,110.31666666666666,76.42916666666666,3211.7083333333335,116.30833333333334,27.02916666666667,128.66666666666666,0.8954166666666667,0.0,1.5604166666666668,181.29166666666666,93.5,
2022-12-07,112.36666666666667,77.72916666666667,3174.2083333333335,103.60833333333333,25.25,150.95833333333334,1.1129166666666668,0.0,1.1979166666666667,198.54166666666666,107.75,
2022-12-08,67.39583333333333,47.074999999999996,2849.5833333333335,88.60416666666667,13.416666666666666,29.208333333333332,0.4345833333333333,0.0,0.85,139.66666666666666,84.41666666666667,
2022-12-09,70.33333333333333,49.03333333333333,3209.9583333333335,75.87916666666666,14.729166666666666,43.75,0.5366666666666667,0.0,1.1854166666666666,146.54166666666666,84.04166666666667,
2022-12-10,55.56666666666666,38.416666666666664,2912.25,67.53333333333333,10.329166666666667,50.916666666666664,0.2575,0.0,2.0500000000000003,98.45833333333333,67.83333333333333,
2022-12-11,49.71666666666667,34.47083333333333,3316.875,58.93333333333334,6.6125,22.75,0.26875,0.0,1.1312499999999999,125.0,76.41666666666667,
2022-12-12,37.583333333333336,26.09583333333333,1825.0833333333333,45.612500000000004,7.45,33.458333333333336,0.20958333333333334,0.0,1.8062500000000001,79.70833333333333,60.166666666666664,
2022-12-13,26.8125,18.658333333333335,1245.4583333333333,33.083333333333336,5.166666666666667,38.041666666666664,0.18625,0.0,2.2395833333333335,77.625,57.791666666666664,
2022-12-14,1.0333333333333334,0.7125,59.333333333333336,0.0,0.6958333333333333,27.541666666666668,0.035416666666666666,0.0,2.15625,32.041666666666664,17.916666666666668,
2022-12-15,0.9208333333333334,0.6416666666666667,60.708333333333336,0.0,0.4791666666666667,31.291666666666668,0.04,0.0,2.189583333333333,13.75,12.5,
2022-12-16,40.800000000000004,27.675,1550.4166666666667,46.64166666666667,8.233333333333333,63.125,0.3020833333333333,0.0,2.4145833333333333,47.625,41.5,
2022-12-17,60.99166666666667,42.125,2972.6666666666665,68.84166666666667,16.920833333333334,43.625,0.20375000000000001,0.0,2.4520833333333334,104.16666666666667,69.70833333333333,
2022-12-18,105.97500000000001,73.07083333333334,4080.9166666666665,89.28333333333335,23.633333333333336,72.875,0.56625,0.0,1.5645833333333332,151.125,88.41666666666667,
2022-12-19,91.91666666666667,62.7875,3191.8333333333335,92.09166666666665,26.59583333333333,74.29166666666667,0.4708333333333334,0.0,1.8354166666666665,155.375,92.04166666666667,
2022-12-20,100.39999999999999,68.18333333333334,2603.75,88.8125,24.125,90.375,0.81,0.0,1.5999999999999999,163.875,95.33333333333333,
2022-12-21,57.916666666666664,40.15833333333333,2006.375,61.75,14.266666666666666,50.5,0.5075,0.0,1.70625,143.79166666666666,84.29166666666667,
2022-12-22,24.991666666666664,16.941666666666666,1035.0,36.36666666666667,5.658333333333334,26.208333333333332,0.25375,0.0,1.6791666666666665,80.79166666666667,55.916666666666664,
2022-12-23,36.829166666666666,25.3,1939.3333333333333,43.1,7.079166666666667,19.916666666666668,0.19833333333333333,0.0,0.85,57.75,32.833333333333336,
2022-12-24,59.37916666666666,41.09583333333333,2719.0833333333335,69.12916666666666,9.820833333333333,46.541666666666664,0.34,0.0,1.772916666666667,112.875,72.375,
2022-12-25,32.05833333333333,21.96666666666667,1417.5833333333333,42.525,6.75,19.208333333333332,0.21,0.0,0.8291666666666667,82.33333333333333,57.25,
2022-12-26,22.25,15.408333333333333,1333.6666666666667,33.545833333333334,6.429166666666667,15.166666666666666,0.14916666666666667,0.0,1.1270833333333334,69.70833333333333,46.041666666666664,
2022-12-27,24.7,16.925,1393.6666666666667,33.55833333333333,5.904166666666666,23.166666666666668,0.17375,0.0,1.5666666666666667,54.291666666666664,28.083333333333332,
2022-12-28,22.608333333333334,15.512500000000001,1249.7083333333333,35.00416666666667,5.520833333333333,21.375,0.18041666666666667,0.0,1.5250000000000001,67.04166666666667,41.5,
2022-12-29,16.795833333333334,11.512500000000001,891.2083333333334,30.016666666666666,5.554166666666667,20.833333333333332,0.11958333333333333,0.0,1.1291666666666667,45.375,23.0,
2022-12-30,20.666666666666668,14.216666666666667,870.7916666666666,34.19166666666667,7.5249999999999995,25.083333333333332,0.22375,0.0,0.8958333333333334,49.666666666666664,24.583333333333332,
2022-12-31,19.45,13.375,789.7083333333334,30.75,6.479166666666667,20.625,0.21166666666666667,0.0,0.9979166666666667,57.875,31.166666666666668,
2023-01-01,19.933333333333334,13.666666666666666,1071.9166666666667,25.537499999999998,5.745833333333334,23.833333333333332,0.18208333333333335,0.0,1.0333333333333334,46.083333333333336,22.708333333333332,
2023-01-02,19.162499999999998,13.174999999999999,1019.125,25.554166666666664,5.3374999999999995,18.958333333333332,0.14291666666666666,0.0,1.2750000000000001,56.416666666666664,29.958333333333332,
2023-01-03,18.195833333333333,12.591666666666667,1008.4583333333334,27.629166666666666,4.4875,21.375,0.10666666666666667,0.0,1.4104166666666667,51.458333333333336,25.458333333333332,
2023-01-04,32.262499999999996,22.304166666666664,1455.7916666666667,43.05416666666667,7.095833333333334,31.625,0.14041666666666666,0.0,1.5395833333333335,57.875,32.75,
2023-01-05,38.608333333333334,26.683333333333334,1927.0833333333333,49.07916666666667,7.429166666666666,36.541666666666664,0.19791666666666666,0.0,2.2708333333333335,83.25,61.333333333333336,
2023-01-06,32.90833333333333,22.40416666666667,1525.1666666666667,39.25416666666667,5.308333333333334,29.166666666666668,0.20083333333333334,0.0,2.0375,76.75,57.208333333333336,
2023-01-07,29.02916666666667,19.8875,966.0416666666666,29.675,6.879166666666666,28.458333333333332,0.15791666666666668,0.0,2.125,69.125,43.916666666666664,
2023-01-08,29.620833333333334,20.4375,681.4583333333334,23.78333333333333,22.03333333333333,23.708333333333332,0.15,0.0,2.09375,65.375,38.458333333333336,
2023-01-09,36.1,24.849999999999998,854.125,29.775000000000002,25.816666666666666,26.791666666666668,0.20791666666666667,0.0,2.0208333333333335,69.875,45.25,
2023-01-10,47.87083333333334,33.05416666666667,1902.0,38.75,25.516666666666666,23.958333333333332,0.19875,0.0,2.029166666666667,88.875,64.125,
2023-01-11,65.32083333333334,44.699999999999996,3224.6666666666665,66.49166666666666,11.583333333333334,56.166666666666664,0.29875,0.0,2.3125,104.58333333333333,69.58333333333333,
2023-01-12,92.71666666666665,63.57083333333333,3505.0416666666665,101.0,16.5,107.29166666666667,0.5437500000000001,0.0,2.191666666666667,162.20833333333334,83.75,
2023-01-13,106.53333333333335,72.65833333333333,3098.6666666666665,105.96666666666665,18.216666666666665,103.33333333333333,0.8291666666666666,0.125,1.3687500000000001,174.25,101.16666666666667,
2023-01-14,75.83333333333333,51.59166666666667,2307.3333333333335,89.49583333333334,18.829166666666666,100.45833333333333,0.54,1.75,1.6916666666666667,161.20833333333334,84.0,
2023-01-15,66.62083333333334,44.958333333333336,2440.375,74.73333333333333,10.804166666666667,49.666666666666664,0.3475,2.4166666666666665,2.1729166666666666,150.20833333333334,87.25,
2023-01-16,40.5,27.479166666666668,1931.6666666666667,38.979166666666664,6.6499999999999995,30.333333333333332,0.29375,0.75,1.8729166666666668,89.125,64.04166666666667,
2023-01-17,37.375,25.525000000000002,1833.9583333333333,41.112500000000004,9.908333333333333,19.75,0.3658333333333333,0.5,1.1979166666666667,83.0,62.041666666666664,
2023-01-18,42.895833333333336,29.675,1777.375,54.50416666666666,11.237499999999999,26.291666666666668,0.33375,0.25,1.4625000000000001,82.54166666666667,61.666666666666664,
2023-01-19,42.108333333333334,29.1875,1664.2916666666667,57.89166666666667,13.766666666666666,33.958333333333336,0.4675,0.125,1.1395833333333334,87.54166666666667,63.75,
2023-01-20,39.854166666666664,27.825,1864.0833333333333,49.520833333333336,9.799999999999999,32.875,0.23750000000000002,0.0,2.0166666666666666,86.04166666666667,63.166666666666664,
2023-01-21,40.775,28.22083333333333,2039.2916666666667,41.99583333333333,8.575000000000001,32.25,0.25416666666666665,0.0,1.7125000000000001,83.625,62.25,
2023-01-22,30.8,21.370833333333334,1665.875,36.520833333333336,6.341666666666666,29.166666666666668,0.15666666666666668,0.0,2.058333333333333,79.625,59.083333333333336,
2023-01-23,23.09166666666667,16.0125,1326.0,33.362500000000004,4.7875000000000005,18.916666666666668,0.1275,0.0,1.5125,61.958333333333336,35.666666666666664,
2023-01-24,20.7,14.279166666666667,1068.9583333333333,28.366666666666664,4.1875,22.875,0.21416666666666664,0.0,1.79375,57.916666666666664,31.5,
2023-01-25,18.654166666666665,12.887500000000001,998.25,29.7625,5.158333333333333,20.958333333333332,0.14375000000000002,0.0,1.0458333333333334,47.583333333333336,23.166666666666668,
2023-01-26,40.295833333333334,27.90833333333333,1923.875,50.949999999999996,7.5,34.25,0.22666666666666668,0.0,1.6645833333333335,64.41666666666667,39.833333333333336,
2023-01-27,58.35,40.21666666666667,2838.9166666666665,73.20833333333333,10.983333333333334,30.125,0.3758333333333333,0.0,1.2520833333333334,104.875,69.875,
2023-01-28,62.71666666666667,43.37916666666666,2540.9166666666665,84.02499999999999,16.766666666666666,28.375,0.3354166666666667,0.0,1.2729166666666667,108.0,70.95833333333333,
2023-01-29,59.604166666666664,41.35,3039.25,88.125,18.5625,19.583333333333332,0.24083333333333334,0.0,0.7916666666666666,121.625,75.29166666666667,
2023-01-30,57.9625,39.93333333333333,3401.7083333333335,79.51666666666667,11.145833333333334,44.833333333333336,0.27499999999999997,0.0,1.78125,114.25,72.95833333333333,
2023-01-31,48.74583333333334,33.80833333333333,2301.2916666666665,59.40833333333333,8.487499999999999,31.5,0.34875000000000006,0.0,1.325,106.04166666666667,70.41666666666667,
2023-02-01,49.03333333333333,34.050000000000004,2518.1666666666665,63.53333333333333,11.625,11.25,0.215,0.0,0.8666666666666667,88.79166666666667,64.25,
2023-02-02,51.96666666666667,35.80833333333333,2564.875,71.97916666666667,15.362499999999999,44.041666666666664,0.37166666666666665,0.0,1.6729166666666666,106.33333333333333,70.45833333333333,
2023-02-03,51.50833333333333,35.55416666666667,2402.125,65.9875,10.895833333333334,34.125,0.24916666666666668,0.0,2.120833333333333,95.91666666666667,66.875,
2023-02-04,53.29583333333333,36.262499999999996,2828.5833333333335,53.0875,7.845833333333332,28.791666666666668,0.36041666666666666,0.0,2.154166666666667,107.29166666666667,70.70833333333333,
2023-02-05,38.37916666666667,26.0,1734.7916666666667,37.854166666666664,6.3374999999999995,41.375,0.25333333333333335,0.0,2.3041666666666667,95.20833333333333,66.66666666666667,
2023-02-06,36.670833333333334,24.71666666666667,1689.75,39.979166666666664,5.895833333333333,33.041666666666664,0.21916666666666665,0.0,1.8041666666666665,64.83333333333333,40.291666666666664,
2023-02-07,49.4625,33.725,2480.0416666666665,60.49583333333334,11.154166666666667,24.083333333333332,0.35250000000000004,0.0,1.2604166666666667,96.16666666666667,66.83333333333333,
2023-02-08,56.275,38.516666666666666,2184.875,66.53750000000001,13.9125,46.25,0.3104166666666667,0.0,1.8,104.79166666666667,69.83333333333333,
2023-02-09,28.229166666666668,19.120833333333334,1174.2916666666667,33.920833333333334,4.4375,25.25,0.21166666666666667,0.0,2.2354166666666666,84.91666666666667,58.583333333333336,
2023-02-10,25.208333333333332,17.0125,1022.3333333333334,30.3125,6.604166666666667,23.375,0.18541666666666667,0.0,1.6166666666666665,57.625,31.333333333333332,
2023-02-11,36.8875,25.358333333333334,1332.7916666666667,53.625,22.254166666666666,25.291666666666668,0.3179166666666667,0.0,1.1270833333333334,63.125,38.583333333333336,
2023-02-12,31.270833333333332,21.604166666666668,1265.8333333333333,42.42916666666667,13.241666666666667,15.375,0.16125,0.0,1.5145833333333334,85.125,62.25,
2023-02-13,26.270833333333332,17.825,1131.7083333333333,30.120833333333334,9.512500000000001,22.541666666666668,0.18416666666666667,0.0,2.1104166666666666,65.29166666666667,39.083333333333336,
2023-02-14,24.045833333333334,16.575,1143.125,31.900000000000002,12.308333333333332,16.791666666666668,0.15916666666666665,0.0,1.2437500000000001,59.791666666666664,33.25,
2023-02-15,20.345833333333335,14.054166666666667,1010.75,28.108333333333334,9.4625,17.5,0.14958333333333332,0.0,1.41875,56.25,29.75,
2023-02-16,27.395833333333332,18.904166666666665,1232.0416666666667,36.791666666666664,13.9375,18.166666666666668,0.18500000000000003,0.0,1.5083333333333335,60.166666666666664,33.625,
2023-02-17,41.270833333333336,28.4875,1939.875,50.20416666666667,13.591666666666667,17.458333333333332,0.24625,0.0,1.3229166666666667,66.75,41.541666666666664,
2023-02-18,57.895833333333336,39.68333333333333,2644.125,72.84166666666667,11.612499999999999,34.791666666666664,0.36833333333333335,0.0,1.5958333333333332,106.58333333333333,70.41666666666667,
2023-02-19,55.55833333333334,38.50833333333333,2672.75,59.0,10.041666666666666,32.666666666666664,0.32166666666666666,0.0,1.3687500000000001,113.04166666666667,72.625,
2023-02-20,34.875,24.25,1997.0,35.96666666666667,6.145833333333333,23.833333333333332,0.19333333333333333,0.0,2.0229166666666667,92.20833333333333,65.41666666666667,
2023-02-21,27.920833333333334,19.341666666666665,1390.125,35.56666666666667,6.320833333333333,20.958333333333332,0.22708333333333333,0.0,1.2041666666666668,64.45833333333333,38.625,
2023-02-22,33.96666666666667,23.270833333333332,1477.8333333333333,45.50416666666666,8.775,28.5,0.34833333333333333,0.0,1.1479166666666667,70.08333333333333,45.833333333333336,
2023-02-23,38.958333333333336,26.641666666666666,1441.5,53.84583333333333,10.079166666666667,35.791666666666664,0.36541666666666667,0.0,1.3895833333333334,80.875,60.458333333333336,
2023-02-24,46.59583333333333,32.074999999999996,1825.5833333333333,62.32916666666667,11.016666666666666,35.375,0.45125,0.0,1.3041666666666667,80.91666666666667,61.0,
2023-02-25,40.0875,27.59583333333333,1564.5,48.625,8.991666666666665,40.25,0.35541666666666666,0.0,1.6479166666666665,94.29166666666667,66.33333333333333,
2023-02-26,43.5,29.65833333333333,1665.4166666666667,58.987500000000004,10.104166666666666,31.833333333333332,0.37916666666666665,0.0,0.9500000000000001,79.04166666666667,59.458333333333336,
2023-02-27,37.458333333333336,25.6125,1620.2083333333333,52.05833333333334,8.029166666666667,28.708333333333332,0.4025,0.0,0.8104166666666667,87.125,63.541666666666664,
2023-02-28,25.96666666666667,18.020833333333332,1361.1666666666667,40.12083333333333,6.195833333333333,26.791666666666668,0.22,0.0,1.1875,74.375,53.541666666666664,
2023-03-01,21.179166666666667,14.674999999999999,1209.25,33.77916666666667,5.995833333333334,23.25,0.17208333333333334,0.0,1.1645833333333333,56.416666666666664,30.0,
2023-03-02,25.695833333333336,17.658333333333335,1416.5,34.49166666666667,5.954166666666667,15.041666666666666,0.17541666666666667,0.0,1.1395833333333334,56.5,29.958333333333332,
2023-03-03,31.766666666666666,21.4875,1647.5833333333333,40.829166666666666,5.7250000000000005,23.916666666666668,0.19583333333333333,0.0,1.8041666666666665,70.29166666666667,46.666666666666664,
2023-03-04,24.679166666666664,16.791666666666668,1220.9583333333333,31.108333333333334,6.141666666666667,22.0,0.18458333333333332,0.0,1.8479166666666667,63.75,37.25,
2023-03-05,22.858333333333334,15.7125,1235.25,27.204166666666666,5.558333333333334,26.541666666666668,0.14458333333333334,0.0,2.55625,57.166666666666664,30.833333333333332,
2023-03-06,37.63333333333333,25.979166666666668,2041.4166666666667,39.862500000000004,5.845833333333334,25.625,0.16583333333333333,0.0,2.15,69.5,45.916666666666664,
2023-03-07,48.79583333333333,33.516666666666666,2318.25,50.63333333333333,7.795833333333333,31.791666666666668,0.2758333333333333,0.0,2.0520833333333335,90.25,64.66666666666667,
2023-03-08,52.35,36.2125,2121.0416666666665,66.37916666666666,15.112499999999999,30.041666666666668,0.5079166666666667,0.0,1.2604166666666667,97.20833333333333,67.33333333333333,
2023-03-09,96.05416666666667,66.82083333333334,3482.2083333333335,108.1125,25.854166666666668,56.375,0.7670833333333333,0.0,1.2145833333333333,128.20833333333334,78.125,
2023-03-10,109.1875,75.64583333333333,3801.2083333333335,121.27916666666665,18.704166666666666,87.75,0.9658333333333333,0.0,1.0104166666666667,168.5,101.125,
2023-03-11,110.47083333333335,76.64999999999999,3517.9166666666665,118.47500000000001,23.995833333333334,106.41666666666667,1.0358333333333334,0.0,1.0916666666666666,174.54166666666666,98.79166666666667,
2023-03-12,88.8875,61.49166666666667,2692.4583333333335,85.81666666666666,19.4375,94.875,0.9404166666666667,0.0,1.4270833333333333,166.45833333333334,96.45833333333333,
2023-03-13,96.89583333333333,67.15833333333333,3445.25,102.00833333333333,17.625,79.79166666666667,0.84,0.125,1.4041666666666668,161.0,92.04166666666667,
2023-03-14,75.3625,52.1875,2615.1666666666665,94.14583333333333,15.387500000000001,21.208333333333332,0.96375,0.125,0.3854166666666667,153.29166666666666,89.58333333333333,
2023-03-15,77.17916666666666,53.74583333333334,3034.25,96.10416666666667,21.7,49.083333333333336,0.6808333333333333,0.0,0.96875,124.29166666666667,76.08333333333333,
2023-03-16,111.16250000000001,76.39583333333333,4119.041666666667,122.47500000000001,20.904166666666665,89.75,0.6029166666666667,0.125,1.8020833333333333,165.04166666666666,96.95833333333333,
2023-03-17,122.27499999999999,83.87916666666666,4266.916666666667,118.94166666666666,22.45,90.91666666666667,0.7991666666666667,0.0,1.4166666666666667,171.41666666666666,107.54166666666667,
2023-03-18,113.53750000000001,78.25416666666666,3100.1666666666665,103.31666666666666,21.875,120.41666666666667,0.8095833333333333,0.0,1.6708333333333334,181.83333333333334,102.75,
2023-03-19,97.5,67.78333333333333,3008.1666666666665,99.02499999999999,18.6625,82.79166666666667,0.8329166666666666,0.0,1.0729166666666667,159.25,97.79166666666667,
2023-03-20,108.53333333333335,75.54583333333333,3443.0833333333335,109.3125,22.72083333333333,132.45833333333334,1.08375,0.0,1.4145833333333335,187.29166666666666,97.66666666666667,
2023-03-21,84.99166666666666,59.14166666666667,2898.9166666666665,97.70416666666667,15.283333333333333,87.91666666666667,0.7295833333333334,0.0,1.6541666666666666,160.29166666666666,92.58333333333333,
2023-03-22,110.40833333333335,76.6375,3442.5833333333335,112.97916666666667,24.8625,123.95833333333333,0.9441666666666667,0.0,1.6333333333333335,179.66666666666666,92.125,
2023-03-23,98.3,67.95833333333333,2756.8333333333335,90.66250000000001,22.087500000000002,119.54166666666667,0.8516666666666667,0.0,1.9166666666666667,172.58333333333334,101.20833333333333,
2023-03-24,88.80416666666667,61.26666666666667,2417.4166666666665,89.11666666666666,17.775000000000002,114.66666666666667,0.6779166666666666,0.0,1.6833333333333333,171.45833333333334,93.83333333333333,
2023-03-25,53.8375,37.541666666666664,2407.0833333333335,57.112500000000004,10.095833333333333,46.583333333333336,0.5475,0.0,1.4375,122.5,75.875,
2023-03-26,56.6875,39.47083333333334,3163.125,58.42916666666667,10.674999999999999,43.083333333333336,0.395,0.0,1.9583333333333333,111.66666666666667,72.16666666666667,
2023-03-27,53.65416666666667,37.233333333333334,3097.2916666666665,49.84583333333333,10.0875,38.75,0.30875,0.0,1.8729166666666666,100.875,68.75,
2023-03-28,89.54166666666667,62.31666666666666,4777.916666666667,84.77499999999999,21.808333333333334,33.708333333333336,0.42083333333333334,0.0,1.2979166666666666,136.41666666666666,80.33333333333333,
2023-03-29,74.66250000000001,51.99166666666667,3153.5416666666665,87.10416666666667,20.583333333333332,60.083333333333336,0.6241666666666666,0.0,1.2,152.66666666666666,88.66666666666667,
2023-03-30,58.23333333333333,40.35,2886.2083333333335,69.81666666666666,10.933333333333332,38.125,0.3120833333333333,0.0,1.8958333333333333,132.20833333333334,78.70833333333333,
2023-03-31,38.833333333333336,26.745833333333334,2069.5416666666665,44.51666666666667,7.2375,18.458333333333332,0.20125,0.0,1.2520833333333334,81.08333333333333,57.541666666666664,
2023-04-01,37.1625,25.758333333333336,2075.0,38.3125,5.504166666666666,27.375,0.15416666666666667,0.0,1.8729166666666668,87.75,63.75,
2023-04-02,54.00833333333333,37.208333333333336,3230.9583333333335,50.51666666666667,9.1,30.041666666666668,0.2020833333333333,0.0,1.9770833333333335,83.58333333333333,62.125,
2023-04-03,62.225,42.9625,4165.458333333333,53.92916666666667,7.758333333333333,40.625,0.22458333333333333,0.0,2.214583333333333,131.0,78.375,
2023-04-04,47.487500000000004,32.31666666666667,2267.4166666666665,42.041666666666664,6.1375,37.375,0.22708333333333333,0.0,2.189583333333333,94.16666666666667,66.125,
2023-04-05,56.800000000000004,38.80833333333333,2833.75,58.0,8.1875,47.666666666666664,0.23083333333333333,0.0,2.225,97.25,67.375,
2023-04-06,49.84166666666667,34.479166666666664,2808.2916666666665,45.875,6.0125,42.208333333333336,0.16541666666666668,0.0,2.5208333333333335,112.83333333333333,72.5,
2023-04-07,80.49166666666666,55.30416666666667,3397.4166666666665,99.51666666666667,14.445833333333333,70.58333333333333,0.3854166666666667,0.0,2.1708333333333334,110.20833333333333,72.79166666666667,
2023-04-08,97.60416666666667,66.925,4948.708333333333,103.59166666666665,12.9,64.20833333333333,0.4920833333333334,0.0,2.0520833333333335,160.0,99.58333333333333,
2023-04-09,73.09166666666667,50.24166666666667,3978.5416666666665,69.34166666666667,11.458333333333334,49.208333333333336,0.34541666666666665,0.0,1.7520833333333332,150.125,85.91666666666667,
2023-04-10,27.837500000000002,19.283333333333335,1661.1666666666667,26.59583333333333,4.779166666666667,25.166666666666668,0.1691666666666667,0.0,2.089583333333333,93.45833333333333,63.0,
2023-04-11,32.645833333333336,22.583333333333332,1735.0,33.13333333333333,5.408333333333334,25.833333333333332,0.17500000000000002,0.0,1.8499999999999999,65.33333333333333,38.833333333333336,
2023-04-12,33.012499999999996,22.858333333333334,1841.7083333333333,31.733333333333334,5.120833333333334,25.583333333333332,0.1575,0.0,1.9958333333333333,77.08333333333333,57.958333333333336,
2023-04-13,37.458333333333336,25.945833333333336,2003.375,40.016666666666666,6.7,28.375,0.17541666666666667,0.0,2.0187500000000003,72.29166666666667,50.041666666666664,
2023-04-14,60.50416666666666,41.55833333333333,2607.0,61.87916666666666,13.508333333333333,60.375,0.32166666666666666,0.0,1.7229166666666667,102.41666666666667,68.75,
2023-04-15,64.00416666666666,44.02916666666667,2708.2083333333335,65.14583333333333,14.991666666666667,53.0,0.33208333333333334,0.0,1.7229166666666667,116.16666666666667,73.5,
2023-04-16,79.89999999999999,54.3375,3306.1666666666665,80.70833333333333,15.625,76.58333333333333,0.55875,0.0,1.5333333333333332,139.79166666666666,79.08333333333333,
2023-04-17,82.2,56.45416666666667,3142.5,95.51666666666667,16.5125,87.95833333333333,0.6566666666666666,0.0,1.4749999999999999,160.04166666666666,83.70833333333333,
2023-04-18,87.33749999999999,60.34166666666667,3094.2083333333335,85.5,15.479166666666666,84.41666666666667,0.8245833333333333,0.0,1.55,161.54166666666666,89.70833333333333,
2023-04-19,73.47916666666667,50.975,2383.625,81.97083333333333,15.674999999999999,107.33333333333333,0.8220833333333334,0.0,1.5687499999999999,165.375,84.70833333333333,
2023-04-20,84.9875,58.775,2390.6666666666665,87.8,20.920833333333334,118.79166666666667,0.9958333333333332,0.0,1.0062499999999999,163.70833333333334,81.91666666666667,
2023-04-21,94.94583333333333,65.42083333333333,2215.5416666666665,76.35000000000001,18.729166666666668,95.04166666666667,1.075,0.0,1.2333333333333332,161.0,97.0,
2023-04-22,69.5125,48.19166666666666,2433.1666666666665,74.83333333333333,13.391666666666666,82.875,0.5991666666666667,0.0,1.8666666666666665,146.375,81.125,
2023-04-23,92.55416666666667,64.22083333333333,3498.4583333333335,97.55,14.695833333333333,84.45833333333333,0.7866666666666666,0.0,1.4416666666666667,155.54166666666666,87.5,
2023-04-24,100.59583333333335,69.85000000000001,3215.6666666666665,103.62083333333334,19.175,96.54166666666667,0.9245833333333334,0.0,1.31875,167.04166666666666,93.375,
2023-04-25,91.17083333333333,63.25416666666666,2847.0,95.45833333333333,18.033333333333335,64.29166666666667,0.6699999999999999,0.0,1.2270833333333333,156.5,94.08333333333333,
2023-04-26,113.16666666666667,78.55,3447.2916666666665,112.35416666666667,19.716666666666665,94.875,0.9054166666666666,0.0,1.3395833333333333,166.95833333333334,94.33333333333333,
2023-04-27,100.6875,70.12916666666668,3240.125,105.49166666666667,14.4375,94.875,0.9420833333333333,0.0,1.3916666666666666,171.125,103.29166666666667,
2023-04-28,111.10833333333333,76.90833333333333,3385.1666666666665,110.02083333333333,26.3875,121.20833333333333,0.9500000000000001,0.0,1.3145833333333334,178.79166666666666,95.79166666666667,
2023-04-29,106.2625,73.3,3181.5416666666665,110.2625,19.4875,92.375,0.8337500000000001,0.0,1.1979166666666667,169.66666666666666,100.5,
2023-04-30,120.8,83.52083333333333,3383.7916666666665,116.65416666666668,27.370833333333334,122.41666666666667,1.1075,0.0,1.0854166666666667,180.16666666666666,101.875,
2023-05-01,84.27499999999999,58.70416666666667,2874.7916666666665,77.2375,20.620833333333334,94.08333333333333,0.6804166666666666,0.0,1.3375000000000001,160.16666666666666,94.375,
2023-05-02,103.64583333333333,71.87916666666666,3114.4166666666665,102.59166666666665,18.8625,94.375,0.94375,0.0,1.3875,165.375,93.375,
2023-05-03,103.625,72.1125,2434.5833333333335,82.24166666666666,15.916666666666666,117.04166666666667,1.1416666666666666,0.0,1.125,175.45833333333334,101.91666666666667,
2023-05-04,69.8875,48.666666666666664,2125.4583333333335,78.53750000000001,17.345833333333335,92.20833333333333,0.9445833333333334,0.0,1.1041666666666667,146.58333333333334,83.16666666666667,
2023-05-05,65.5625,45.791666666666664,2171.0833333333335,76.41250000000001,14.441666666666668,98.29166666666667,0.6870833333333333,0.0,1.4916666666666665,151.45833333333334,80.41666666666667,
2023-05-06,79.31666666666666,55.175000000000004,2358.5416666666665,89.24166666666667,20.0,84.33333333333333,0.68,0.0,1.4937500000000001,138.16666666666666,77.75,
2023-05-07,102.65416666666665,71.41250000000001,2783.5416666666665,96.28333333333335,20.866666666666667,119.75,1.0041666666666667,0.0,0.9375,179.625,97.20833333333333,
2023-05-08,83.00416666666666,57.9625,2534.0,100.06666666666666,18.254166666666666,58.125,0.8333333333333334,0.0,1.1166666666666667,148.5,86.45833333333333,
2023-05-09,93.625,65.34583333333333,3278.75,102.46249999999999,17.1125,69.79166666666667,0.755,0.0,1.2395833333333333,155.125,92.08333333333333,
2023-05-10,114.90416666666665,79.59583333333333,3873.75,106.12083333333334,12.095833333333333,68.41666666666667,0.7075,0.0,1.6041666666666667,162.625,103.66666666666667,
2023-05-11,68.45416666666667,47.4625,2527.0833333333335,73.91666666666667,7.579166666666667,50.666666666666664,0.4295833333333334,0.0,1.6020833333333335,152.66666666666666,90.41666666666667,
2023-05-12,54.020833333333336,37.2875,2486.0,57.57916666666667,8.254166666666666,43.833333333333336,0.27999999999999997,0.0,1.9000000000000001,97.79166666666667,67.16666666666667,
2023-05-13,80.71249999999999,56.012499999999996,3188.0833333333335,89.00416666666666,14.733333333333334,80.375,0.7374999999999999,0.0,1.4937500000000001,143.125,80.875,
2023-05-14,78.55833333333332,54.7125,2707.5416666666665,88.79583333333333,15.458333333333334,99.5,0.7275,0.0,1.5583333333333333,156.33333333333334,81.45833333333333,
2023-05-15,115.90833333333335,80.0125,3190.7083333333335,111.1875,20.629166666666666,120.20833333333333,1.0466666666666666,0.0,1.2458333333333333,176.79166666666666,92.375,
2023-05-16,134.82916666666668,93.01666666666667,3426.625,117.91250000000001,19.895833333333332,52.916666666666664,1.1404166666666666,0.0,1.3604166666666666,170.41666666666666,115.25,
2023-05-17,137.92916666666667,95.57083333333333,4207.875,132.0,16.479166666666668,103.125,1.2616666666666667,0.0,1.2604166666666667,179.83333333333334,113.875,
2023-05-18,176.86666666666667,121.55833333333334,4216.875,132.67083333333332,23.9375,102.29166666666667,2.1491666666666664,0.0,0.5583333333333333,184.83333333333334,125.58333333333333,
2023-05-19,131.84166666666667,90.95,3476.3333333333335,117.30833333333334,16.216666666666665,117.41666666666667,1.4675,0.0,0.9562499999999999,191.625,125.0,
2023-05-20,126.86666666666667,87.78750000000001,3763.9583333333335,109.47500000000001,15.858333333333334,82.83333333333333,1.24875,0.0,1.0520833333333333,171.08333333333334,114.54166666666667,
2023-05-21,124.37916666666666,86.35416666666667,4009.7083333333335,109.02083333333333,14.8375,90.79166666666667,1.1629166666666666,0.0,1.2437500000000001,172.625,109.875,
2023-05-22,148.97916666666666,103.74166666666667,3807.0,124.89583333333333,33.34166666666666,124.45833333333333,1.1683333333333332,0.0,1.2520833333333334,184.16666666666666,111.125,
2023-05-23,182.60833333333335,127.09583333333335,4343.041666666667,119.55833333333334,34.449999999999996,136.41666666666666,1.3325,0.0,1.15625,199.08333333333334,137.16666666666666,
2023-05-24,156.0375,108.19166666666666,3817.3333333333335,120.07083333333333,24.058333333333334,123.0,1.7020833333333334,0.0,0.7145833333333332,196.625,133.20833333333334,
2023-05-25,130.3375,90.3875,3649.4583333333335,127.35416666666667,16.1125,88.04166666666667,1.1387500000000002,0.0,1.2479166666666666,176.16666666666666,114.58333333333333,
2023-05-26,144.68333333333334,100.6125,4541.333333333333,134.16666666666666,15.579166666666667,90.16666666666667,0.98875,0.0,1.4270833333333333,181.875,127.16666666666667,
2023-05-27,114.71249999999999,79.67083333333333,3048.4583333333335,97.625,14.049999999999999,93.08333333333333,1.0995833333333334,0.0,1.0625,171.45833333333334,107.04166666666667,
2023-05-28,107.32916666666667,74.31666666666666,3068.0,105.73333333333333,17.400000000000002,95.5,1.0883333333333334,0.0,1.04375,169.66666666666666,96.54166666666667,
2023-05-29,143.62916666666666,98.95,3811.75,122.41666666666667,22.445833333333336,127.08333333333333,1.4333333333333333,0.0,0.8125,190.70833333333334,112.08333333333333,
2023-05-30,121.80833333333334,84.2125,3297.875,124.02499999999999,17.2,93.95833333333333,1.3429166666666665,0.0,0.7791666666666667,176.79166666666666,112.29166666666667,
2023-05-31,147.97916666666666,102.14166666666667,4083.0,144.88333333333333,19.791666666666668,79.83333333333333,1.4262500000000002,0.0,1.15,172.58333333333334,117.375,
2023-06-01,126.47916666666667,87.53750000000001,3875.5416666666665,122.97500000000001,18.3625,82.45833333333333,1.0741666666666667,0.0,1.3666666666666665,173.91666666666666,117.20833333333333,
2023-06-02,113.10833333333333,78.33749999999999,3754.875,112.72083333333335,13.845833333333333,82.66666666666667,0.8833333333333333,0.0,1.647916666666667,168.83333333333334,109.16666666666667,
2023-06-03,126.82083333333333,87.61666666666667,3311.0416666666665,113.85416666666667,17.633333333333333,89.0,1.1075,0.0,1.2125000000000001,166.20833333333334,98.45833333333333,
2023-06-04,168.3625,116.60000000000001,4307.958333333333,134.35416666666666,24.308333333333334,132.75,1.63875,0.0,0.8416666666666667,195.20833333333334,124.20833333333333,
2023-06-05,142.4375,98.85416666666667,3134.2083333333335,109.2625,25.712500000000002,155.45833333333334,1.6620833333333334,0.0,0.8624999999999999,196.70833333333334,119.20833333333333,
2023-06-06,196.95416666666665,136.59166666666667,4289.875,126.77083333333333,24.741666666666664,132.5,1.9858333333333336,0.0,0.7395833333333334,203.0,145.5,
2023-06-07,98.72916666666667,68.72083333333333,2485.0416666666665,72.425,14.7125,109.45833333333333,1.1366666666666667,0.0,1.1083333333333334,179.41666666666666,119.875,
2023-06-08,94.24166666666667,65.59583333333333,3223.25,80.78750000000001,14.875,77.66666666666667,0.7225,0.0,1.14375,157.95833333333334,92.83333333333333,
2023-06-09,86.34166666666665,59.9,3938.7083333333335,88.82083333333333,12.758333333333333,61.875,0.44375000000000003,0.0,1.7062499999999998,153.04166666666666,88.79166666666667,
2023-06-10,132.85833333333332,92.41250000000001,5658.125,116.675,17.55,90.125,1.0429166666666667,0.0,1.1375,168.04166666666666,100.0,
2023-06-11,130.61249999999998,90.6125,4598.0,127.4875,21.375,83.91666666666667,0.7791666666666667,0.0,1.6666666666666667,173.54166666666666,114.79166666666667,
2023-06-12,128.63750000000002,89.22916666666667,4523.625,111.7,25.745833333333334,88.375,0.7570833333333334,0.0,1.4000000000000001,174.75,114.33333333333333,
2023-06-13,112.19583333333333,77.80416666666666,3695.5,110.47916666666667,21.879166666666666,92.04166666666667,0.8820833333333334,0.0,1.40625,170.16666666666666,105.45833333333333,
2023-06-14,100.83333333333333,69.77499999999999,2503.375,81.53333333333333,21.220833333333335,96.75,1.0016666666666667,0.0,1.0895833333333333,163.29166666666666,95.33333333333333,
2023-06-15,92.52499999999999,64.00833333333334,3215.2916666666665,99.11666666666667,14.799999999999999,73.66666666666667,0.7324999999999999,0.0,1.3875,160.16666666666666,99.75,
2023-06-16,72.82916666666667,50.42083333333333,2389.5833333333335,82.5125,16.587500000000002,46.75,0.5270833333333333,0.0,0.8770833333333333,138.33333333333334,81.125,
2023-06-17,97.50416666666666,67.62916666666666,3445.2916666666665,111.44166666666666,13.375,64.54166666666667,0.51625,0.0,1.3499999999999999,146.20833333333334,84.16666666666667,
2023-06-18,108.77916666666665,74.85833333333333,3688.8333333333335,111.61666666666667,14.9375,54.375,0.8016666666666666,0.0,1.4479166666666667,163.41666666666666,104.83333333333333,
2023-06-19,68.10000000000001,47.050000000000004,2000.1666666666667,73.37916666666666,15.966666666666667,74.5,0.7529166666666667,0.0,1.3270833333333334,142.375,83.66666666666667,
2023-06-20,86.14999999999999,60.04583333333333,3563.9583333333335,92.46249999999999,14.895833333333334,89.95833333333333,0.6275000000000001,0.0,1.5083333333333335,153.54166666666666,82.25,
2023-06-21,114.92916666666667,80.14999999999999,3869.0,117.88333333333333,15.5875,90.625,0.9683333333333333,0.0,1.18125,164.91666666666666,92.45833333333333,
2023-06-22,124.82916666666667,86.91666666666667,5002.416666666667,135.32916666666668,17.241666666666667,80.08333333333333,1.0204166666666665,0.0,1.4479166666666667,172.70833333333334,118.33333333333333,
2023-06-23,113.99166666666667,79.04583333333333,2925.375,105.03750000000001,21.266666666666666,117.54166666666667,1.4895833333333333,0.0,0.6020833333333333,174.5,96.95833333333333,
2023-06-24,145.5625,100.8,3404.5,120.33749999999999,23.825,121.375,1.5337500000000002,0.0,0.86875,183.625,109.08333333333333,
2023-06-25,174.9,121.29583333333333,3598.25,113.27083333333333,26.233333333333334,134.04166666666666,1.6545833333333333,0.0,0.7770833333333332,198.0,139.83333333333334,
2023-06-26,166.67499999999998,115.79166666666667,5426.583333333333,157.0375,27.116666666666664,92.29166666666667,1.1733333333333333,0.0,1.0833333333333333,185.91666666666666,132.79166666666666,
2023-06-27,156.0875,108.33749999999999,4518.625,131.275,32.4125,109.25,1.23,0.0,1.1020833333333333,188.0,124.25,
2023-06-28,128.70416666666668,89.87916666666666,3012.125,72.89583333333333,51.34583333333333,85.29166666666667,1.0183333333333333,0.0,1.4124999999999999,176.54166666666666,121.83333333333333,
2023-06-29,104.17916666666667,72.65833333333333,2289.5416666666665,65.71666666666667,48.074999999999996,84.58333333333333,0.9058333333333334,0.0,1.4083333333333332,165.66666666666666,101.83333333333333,
2023-06-30,105.375,73.57916666666667,2030.125,58.49166666666667,48.525,106.375,0.9058333333333333,0.0,1.3395833333333333,172.625,100.08333333333333,
2023-07-01,115.02083333333333,80.175,2246.5416666666665,67.4875,55.63333333333333,109.08333333333333,1.0716666666666665,0.0,1.2354166666666666,172.625,96.83333333333333,
2023-07-02,169.25,117.8875,2403.3333333333335,62.104166666666664,63.35,125.25,1.3008333333333333,0.0,1.1520833333333333,188.45833333333334,128.25,
2023-07-03,125.06666666666666,87.23333333333333,2368.125,65.85833333333333,50.51666666666667,92.75,1.04625,0.0,1.1812500000000001,175.95833333333334,114.45833333333333,
2023-07-04,159.28333333333333,110.39583333333333,3489.7083333333335,83.55833333333334,59.86666666666667,108.91666666666667,1.1300000000000001,0.0,1.2833333333333334,183.91666666666666,121.5,
2023-07-05,137.89166666666668,96.00416666666666,2861.375,70.2375,53.975,106.91666666666667,1.0758333333333334,0.0,1.4020833333333333,185.54166666666666,126.66666666666667,
2023-07-06,112.08333333333333,77.85833333333333,2032.0,64.57916666666667,59.958333333333336,70.95833333333333,1.25125,0.0,0.6291666666666667,168.16666666666666,112.0,
2023-07-07,75.91666666666667,52.925000000000004,1547.25,52.40833333333333,43.425000000000004,82.79166666666667,0.8262499999999999,0.0,1.29375,153.16666666666666,85.375,
2023-07-08,86.5,60.27916666666667,1704.4583333333333,52.708333333333336,42.80833333333334,82.83333333333333,0.9058333333333333,0.0,1.1812500000000001,156.33333333333334,87.29166666666667,
2023-07-09,82.53750000000001,57.5375,2127.875,54.59166666666667,39.925,60.791666666666664,0.4383333333333333,0.0,1.71875,153.20833333333334,89.25,
2023-07-10,84.13333333333334,57.737500000000004,2394.5833333333335,55.07916666666667,42.09166666666667,63.708333333333336,0.4816666666666667,0.0,1.741666666666667,147.20833333333334,83.75,
2023-07-11,97.45,66.75833333333334,2477.75,61.37916666666666,45.52916666666667,77.875,0.57625,0.0,1.7520833333333334,155.41666666666666,90.625,
2023-07-12,134.02916666666667,93.125,2670.5833333333335,72.14166666666667,55.24583333333334,114.54166666666667,1.14375,0.0,1.5041666666666667,173.95833333333334,97.5,
2023-07-13,144.0,100.15416666666665,2298.7916666666665,62.52916666666667,51.4,118.16666666666667,1.1979166666666667,0.0,1.48125,184.5,120.45833333333333,
2023-07-14,128.34166666666667,89.27499999999999,1953.8333333333333,57.12916666666666,45.050000000000004,96.0,1.1645833333333333,0.0,1.3625,178.83333333333334,122.70833333333333,
2023-07-15,109.17083333333333,75.66250000000001,2145.25,63.04583333333333,46.0375,88.70833333333333,0.9316666666666666,0.0,1.3062500000000001,166.25,98.41666666666667,
2023-07-16,146.0625,101.14583333333333,2870.1666666666665,81.54583333333333,56.31666666666666,108.125,1.3041666666666667,0.0,1.0062499999999999,177.66666666666666,109.16666666666667,
2023-07-17,120.07916666666667,83.43333333333334,2611.0416666666665,72.45833333333333,47.44583333333333,88.875,0.8895833333333334,0.0,1.6583333333333332,179.0,123.375,
2023-07-18,91.59166666666665,62.8125,2069.125,62.104166666666664,44.15416666666667,82.875,0.42250000000000004,0.0,2.0,160.54166666666666,96.25,
2023-07-19,90.27083333333333,62.725,2276.7916666666665,61.13333333333333,40.608333333333334,88.41666666666667,0.5783333333333333,0.0,1.9000000000000001,160.83333333333334,88.45833333333333,
2023-07-20,86.19583333333333,59.979166666666664,2158.875,59.59583333333333,41.18333333333333,86.29166666666667,0.5691666666666667,0.0,2.0187500000000003,158.5,86.16666666666667,
2023-07-21,114.925,79.42083333333333,2214.7083333333335,59.92083333333333,44.4,104.79166666666667,1.07875,0.0,1.5250000000000001,170.58333333333334,96.83333333333333,
2023-07-22,135.21666666666667,93.47083333333335,2404.625,60.645833333333336,47.51666666666667,100.79166666666667,1.2291666666666667,0.0,1.2208333333333334,174.625,108.45833333333333,
2023-07-23,147.45833333333334,101.44583333333334,2883.1666666666665,66.3875,49.791666666666664,88.5,1.0470833333333334,0.0,1.4354166666666668,179.04166666666666,125.375,
2023-07-24,124.55416666666667,84.66250000000001,2347.2916666666665,67.45,49.73333333333333,84.25,0.9824999999999999,0.125,1.4208333333333334,170.45833333333334,108.875,
2023-07-25,150.04166666666666,104.26666666666667,2632.375,68.95,52.57916666666667,108.16666666666667,1.3058333333333334,0.0,1.2270833333333333,180.875,115.58333333333333,
2023-07-26,163.63333333333333,113.79583333333333,3026.5833333333335,72.33749999999999,52.63333333333333,106.04166666666667,1.6725,0.0,0.8812500000000001,187.20833333333334,125.83333333333333,
2023-07-27,160.6,111.82083333333333,3637.1666666666665,84.2875,55.387499999999996,129.16666666666666,1.8420833333333333,0.0,0.8770833333333333,199.08333333333334,127.79166666666667,
2023-07-28,124.17916666666667,85.87916666666666,2510.625,69.4375,46.175000000000004,92.41666666666667,1.5062499999999999,0.0,1.4437499999999999,182.875,127.75,
2023-07-29,94.94583333333333,65.24166666666666,1890.9583333333333,55.67916666666667,41.166666666666664,96.875,0.9291666666666667,0.25,1.6479166666666665,167.70833333333334,98.08333333333333,
2023-07-30,113.79583333333333,78.50833333333334,2051.2083333333335,57.35,41.625,93.66666666666667,1.0520833333333333,0.0,1.4979166666666668,163.875,93.33333333333333,
2023-07-31,96.29583333333333,66.62083333333332,1533.9583333333333,45.5,34.112500000000004,83.95833333333333,0.7191666666666667,0.0,1.7895833333333335,166.375,107.125,
2023-08-01,63.387499999999996,43.333333333333336,1437.9166666666667,44.237500000000004,32.00833333333333,69.54166666666667,0.35125,0.0,2.21875,132.95833333333334,79.41666666666667,
2023-08-02,90.82916666666667,61.291666666666664,1906.875,57.041666666666664,40.358333333333334,78.33333333333333,0.6666666666666666,0.75,1.835416666666667,136.08333333333334,78.66666666666667,
2023-08-03,106.22916666666667,72.7625,2027.875,58.34166666666667,43.22083333333333,90.125,0.82125,0.375,1.8083333333333333,162.45833333333334,99.45833333333333,
2023-08-04,91.59166666666665,63.6875,1666.5833333333333,54.395833333333336,40.52916666666667,102.875,0.7708333333333334,0.0,1.9333333333333333,164.75,89.33333333333333,
2023-08-05,105.4875,72.45416666666667,2013.25,63.104166666666664,46.35833333333333,92.95833333333333,0.8866666666666667,0.25,1.8,162.95833333333334,97.54166666666667,
2023-08-06,118.22916666666667,81.69583333333334,2468.1666666666665,69.70833333333333,51.95416666666667,93.29166666666667,0.7512500000000001,0.0,1.8145833333333332,165.79166666666666,99.58333333333333,
2023-08-07,134.74166666666665,93.42916666666667,2801.5416666666665,66.875,50.12083333333334,93.54166666666667,1.0479166666666666,0.0,1.4145833333333335,173.375,111.29166666666667,
2023-08-08,114.675,79.1875,2202.1666666666665,53.49166666666667,38.02916666666667,84.58333333333333,0.8845833333333334,0.0,1.6416666666666666,169.29166666666666,112.375,
2023-08-09,90.44583333333333,61.88333333333333,1448.0833333333333,48.44583333333333,39.24583333333333,91.95833333333333,0.8391666666666667,0.0,1.8645833333333333,161.375,94.0,
2023-08-10,111.32916666666667,75.89999999999999,1796.625,57.12083333333334,44.12916666666666,111.75,0.9833333333333334,0.0,1.7979166666666666,168.45833333333334,89.79166666666667,
2023-08-11,134.75,92.56666666666666,2177.4166666666665,64.0625,51.9125,113.79166666666667,1.32,0.0,1.5416666666666667,180.70833333333334,111.875,
2023-08-12,114.4375,78.97083333333333,1935.7083333333333,58.00416666666666,47.475,106.20833333333333,1.0754166666666667,0.0,1.5979166666666667,178.5,110.83333333333333,
2023-08-13,92.4375,63.112500000000004,1527.4583333333333,46.458333333333336,39.77916666666667,96.91666666666667,0.9120833333333334,0.0,1.7791666666666668,165.04166666666666,95.33333333333333,
2023-08-14,92.35416666666667,63.166666666666664,1562.4166666666667,51.975,43.4625,105.125,0.8754166666666667,0.0,1.8583333333333334,165.375,88.25,
2023-08-15,133.9125,92.175,2379.1666666666665,66.45833333333333,50.4,112.25,1.1995833333333332,0.0,1.5479166666666666,173.95833333333334,101.625,
2023-08-16,116.46666666666665,80.32083333333334,1765.9166666666667,51.68333333333334,42.362500000000004,106.16666666666667,1.2237500000000001,0.0,1.6583333333333332,177.0,111.33333333333333,
2023-08-17,116.72500000000001,80.25416666666666,1979.875,57.208333333333336,45.85,103.375,1.1812500000000001,0.0,1.6624999999999999,173.125,103.58333333333333,
2023-08-18,107.35000000000001,73.8875,1717.5,46.64166666666667,41.112500000000004,99.75,1.08375,0.0,1.8375000000000001,167.125,100.75,
2023-08-19,110.375,75.41250000000001,1567.2916666666667,44.487500000000004,37.0625,102.75,0.9908333333333333,0.0,1.9041666666666668,171.25,103.95833333333333,
2023-08-20,96.39999999999999,65.5,1548.4583333333333,53.71666666666667,42.0875,97.54166666666667,1.0050000000000001,0.0,2.0145833333333334,161.70833333333334,90.54166666666667,
2023-08-21,115.18333333333334,79.175,1841.1666666666667,55.34583333333333,48.0,100.75,1.0858333333333332,0.0,1.8416666666666668,169.375,102.95833333333333,
2023-08-22,103.12083333333334,70.87083333333334,2057.5416666666665,57.17083333333333,44.50833333333333,96.625,0.7675000000000001,0.0,1.9041666666666668,166.75,99.875,
2023-08-23,98.875,67.83749999999999,1462.25,46.32083333333333,37.17916666666667,97.25,0.7687499999999999,0.0,1.9895833333333333,164.5,94.41666666666667,
2023-08-24,96.60000000000001,65.91666666666667,1735.75,55.19166666666666,41.24166666666667,91.25,0.7404166666666666,0.0,2.058333333333333,161.04166666666666,93.875,
2023-08-25,123.65833333333335,85.30416666666666,2234.5416666666665,69.15416666666667,52.45416666666667,111.0,1.1883333333333332,0.0,1.48125,172.41666666666666,95.45833333333333,
2023-08-26,136.75416666666666,94.34583333333335,2043.875,56.77916666666667,48.99583333333334,124.20833333333333,1.1933333333333334,0.0,1.7249999999999999,184.16666666666666,114.16666666666667,
2023-08-27,153.88750000000002,106.39999999999999,2123.6666666666665,57.76666666666667,52.675000000000004,112.29166666666667,1.5316666666666665,0.0,1.0541666666666667,180.29166666666666,118.25,
2023-08-28,144.04166666666666,99.89583333333333,2207.0416666666665,59.50416666666666,49.6625,107.91666666666667,1.6325,0.0,0.9354166666666667,185.04166666666666,126.66666666666667,
2023-08-29,127.42083333333333,88.10416666666667,2114.0,56.0375,42.9625,99.625,1.1033333333333333,0.0,1.5333333333333332,178.0,119.875,
2023-08-30,105.25416666666666,72.24166666666666,2269.0833333333335,68.68333333333334,51.7125,106.41666666666667,0.7324999999999999,0.0,1.875,172.95833333333334,100.33333333333333,
2023-08-31,106.84166666666665,73.90416666666667,2291.5,55.112500000000004,40.62083333333333,117.25,0.7720833333333333,0.0,2.1041666666666665,173.16666666666666,96.20833333333333,
2023-09-01,110.95416666666667,77.05416666666666,2266.9166666666665,58.42083333333333,45.512499999999996,125.45833333333333,1.05,0.0,2.075,181.83333333333334,100.20833333333333,
2023-09-02,109.76666666666667,75.11666666666666,1804.5833333333333,56.59166666666667,46.43333333333334,109.91666666666667,1.2716666666666667,0.0,1.7833333333333332,174.125,102.625,
2023-09-03,100.52916666666665,68.38333333333334,1315.8333333333333,43.199999999999996,38.74583333333333,104.54166666666667,1.28125,0.0,1.4395833333333332,167.58333333333334,97.04166666666667,
2023-09-04,76.79583333333333,51.82916666666667,1396.875,43.20416666666667,31.579166666666666,95.125,0.7200000000000001,0.0,2.2104166666666667,159.54166666666666,88.83333333333333,
2023-09-05,81.46666666666667,55.06666666666666,1605.4583333333333,46.291666666666664,33.487500000000004,90.875,0.5166666666666667,0.0,2.3208333333333333,147.20833333333334,81.16666666666667,
2023-09-06,96.875,66.54166666666667,1949.6666666666667,50.49583333333334,38.5625,109.95833333333333,0.7708333333333334,0.0,2.18125,166.70833333333334,88.20833333333333,
2023-09-07,107.2375,73.57916666666667,2028.0833333333333,62.53333333333333,50.354166666666664,117.25,0.9220833333333333,0.0,1.8291666666666666,173.75,97.45833333333333,
2023-09-08,111.03333333333335,76.25,1915.5,59.34583333333333,44.37916666666666,117.33333333333333,1.1820833333333334,0.0,1.7041666666666666,175.41666666666666,97.5,
2023-09-09,124.56666666666666,85.28750000000001,1798.375,60.80416666666667,53.74583333333334,114.66666666666667,1.70375,0.0,1.2291666666666667,178.20833333333334,104.75,
2023-09-10,136.9125,94.35833333333333,1973.125,59.7125,52.225,136.66666666666666,1.6166666666666665,0.0,1.48125,188.45833333333334,109.75,
2023-09-11,119.05833333333334,82.25833333333334,2149.9583333333335,57.69166666666666,45.25833333333333,95.54166666666667,0.71625,0.0,2.285416666666667,178.66666666666666,119.41666666666667,
2023-09-12,67.77916666666667,47.125,1888.9166666666667,50.541666666666664,33.875,68.25,0.36041666666666666,0.0,2.658333333333333,151.29166666666666,89.83333333333333,
2023-09-13,86.09583333333335,59.42083333333333,1726.75,52.49166666666667,42.63333333333333,108.625,0.7775,0.0,2.2291666666666665,146.91666666666666,79.16666666666667,
2023-09-14,90.70416666666667,62.60833333333333,1856.75,52.28333333333333,40.608333333333334,101.91666666666667,0.7570833333333334,0.0,2.089583333333333,164.20833333333334,90.875,
2023-09-15,97.77499999999999,66.97083333333333,2065.6666666666665,58.7875,42.99583333333334,102.0,0.6683333333333333,0.0,2.2666666666666666,165.91666666666666,93.83333333333333,
2023-09-16,92.8,63.39166666666667,1951.125,61.020833333333336,43.45416666666667,96.0,0.6958333333333333,0.0,1.9479166666666667,162.125,90.41666666666667,
2023-09-17,91.22500000000001,62.958333333333336,1677.375,46.63333333333333,36.37083333333333,99.75,0.9079166666666666,0.0,1.9124999999999999,159.08333333333334,89.0,
2023-09-18,123.55416666666667,85.87083333333334,1807.9166666666667,52.65416666666667,46.72083333333333,111.91666666666667,1.2654166666666666,0.0,1.6875,171.04166666666666,96.66666666666667,
2023-09-19,152.49166666666667,105.45833333333333,2993.2916666666665,70.4375,46.95416666666666,120.875,1.4458333333333335,0.0,1.6041666666666667,187.66666666666666,122.33333333333333,
2023-09-20,119.55833333333334,82.52916666666667,1877.4166666666667,55.00416666666666,44.99166666666667,120.70833333333333,1.21125,0.0,2.0145833333333334,183.33333333333334,111.66666666666667,
2023-09-21,116.35000000000001,80.67083333333333,2134.875,55.15,40.225,101.29166666666667,1.0883333333333334,0.0,2.00625,173.45833333333334,104.29166666666667,
2023-09-22,93.3125,64.70833333333333,1727.1666666666667,44.15833333333333,35.12083333333333,78.375,0.895,0.0,2.558333333333333,164.33333333333334,106.29166666666667,
2023-09-23,79.74583333333334,54.55833333333334,1281.0416666666667,42.36666666666667,33.75833333333333,100.54166666666667,0.9316666666666666,0.0,1.9625000000000001,147.20833333333334,80.45833333333333,
2023-09-24,101.17083333333333,69.175,1891.75,63.90833333333333,53.72083333333333,105.95833333333333,0.7816666666666667,0.0,2.095833333333333,167.45833333333334,92.33333333333333,
2023-09-25,94.75833333333333,65.86666666666666,2153.375,57.737500000000004,40.170833333333334,100.54166666666667,0.6275000000000001,0.0,2.4833333333333334,165.91666666666666,95.70833333333333,
2023-09-26,89.05833333333334,61.699999999999996,1893.9583333333333,53.62083333333334,41.516666666666666,109.91666666666667,0.8045833333333333,0.0,2.2833333333333337,167.875,88.41666666666667,
2023-09-27,83.76666666666667,58.041666666666664,1880.1666666666667,51.32083333333333,38.46666666666667,106.375,0.6441666666666667,0.0,2.2583333333333333,166.33333333333334,92.25,
2023-09-28,61.46666666666667,42.34583333333333,1379.5416666666667,43.708333333333336,30.7625,84.375,0.45416666666666666,0.0,2.6416666666666666,136.875,78.54166666666667,
2023-09-29,82.80833333333334,57.12083333333334,1702.2916666666667,52.3375,40.824999999999996,105.75,0.7804166666666666,0.0,2.05625,142.41666666666666,77.70833333333333,
2023-09-30,124.87083333333334,86.25833333333333,2043.0,57.487500000000004,55.587500000000006,161.95833333333334,1.3304166666666666,0.0,1.55,190.83333333333334,95.33333333333333,
2023-10-01,128.59583333333333,89.20833333333333,1713.9166666666667,44.291666666666664,50.145833333333336,142.70833333333334,1.4316666666666666,0.0,1.6812500000000001,190.83333333333334,114.29166666666667,
2023-10-02,109.3,75.64583333333333,1598.25,46.12916666666666,44.65416666666667,114.45833333333333,1.235,0.4583333333333333,1.9208333333333334,175.33333333333334,103.45833333333333,
2023-10-03,122.94583333333333,84.66666666666667,1670.4166666666667,47.17083333333333,44.40833333333333,121.54166666666667,1.2216666666666667,0.25,1.8499999999999999,179.58333333333334,107.45833333333333,
2023-10-04,105.45,72.48333333333333,1638.125,49.37916666666666,43.48333333333333,98.08333333333333,1.00375,0.0,1.9645833333333333,168.625,104.625,
2023-10-05,89.6375,61.78333333333333,1972.4166666666667,61.083333333333336,48.39166666666667,97.375,0.6758333333333333,0.0,2.4229166666666666,165.20833333333334,92.41666666666667,
2023-10-06,101.71666666666665,70.67083333333333,2094.4583333333335,59.25833333333333,46.666666666666664,115.625,0.88125,0.0,2.0437499999999997,171.66666666666666,91.54166666666667,
2023-10-07,112.35000000000001,78.17916666666666,2318.0,62.87083333333334,51.4,119.0,1.0233333333333332,0.0,1.9895833333333333,174.5,97.5,
2023-10-08,103.23333333333333,71.35833333333333,1931.0,55.23333333333333,42.1875,93.0,1.045,0.0,2.064583333333333,167.58333333333334,103.04166666666667,
2023-10-09,76.675,52.416666666666664,1779.7083333333333,45.637499999999996,33.99583333333333,83.70833333333333,0.7629166666666666,0.3333333333333333,2.3791666666666664,155.70833333333334,92.41666666666667,
2023-10-10,73.28333333333333,49.75833333333333,1592.1666666666667,44.29583333333333,32.9625,76.20833333333333,0.8833333333333333,0.25,2.066666666666667,126.75,75.0,
2023-10-11,91.67916666666667,63.34583333333333,1563.5,46.175000000000004,37.275,105.91666666666667,1.1304166666666666,0.375,1.9958333333333333,158.66666666666666,85.125,
2023-10-12,93.675,64.3125,1416.375,47.37083333333334,38.84583333333333,94.91666666666667,1.0670833333333334,0.0,1.9791666666666667,161.08333333333334,95.0,
2023-10-13,102.24583333333334,70.75,1763.5833333333333,55.520833333333336,41.74166666666667,110.375,1.1129166666666668,0.0,1.7395833333333333,167.25,90.66666666666667,
2023-10-14,92.87083333333334,64.37083333333334,1454.0833333333333,45.15416666666667,35.86666666666667,105.58333333333333,1.1433333333333333,0.375,1.8916666666666666,164.5,94.58333333333333,
2023-10-15,86.81666666666666,60.10833333333333,1360.8333333333333,44.862500000000004,39.44583333333333,86.75,0.9408333333333333,0.0,2.1125000000000003,156.375,91.875,
2023-10-16,79.20416666666667,54.42083333333333,1709.3333333333333,50.3125,38.725,89.08333333333333,0.6808333333333333,0.0,2.3937500000000003,157.375,85.75,
2023-10-17,66.50833333333334,45.50833333333333,1464.875,48.458333333333336,35.34583333333333,82.66666666666667,0.57625,0.25,2.620833333333333,137.125,78.5,
2023-10-18,70.47083333333333,48.49583333333334,1587.0416666666667,47.67083333333333,34.858333333333334,93.16666666666667,0.65,0.5416666666666666,2.339583333333333,142.91666666666666,80.20833333333333,
2023-10-19,58.99583333333334,38.5875,974.7083333333334,33.24583333333333,29.358333333333334,95.41666666666667,0.5225,0.08333333333333333,2.6062499999999997,122.375,73.875,
2023-10-20,82.60416666666667,55.71666666666667,1547.375,44.51666666666667,34.90416666666667,93.375,0.9500000000000001,0.0,1.6854166666666668,125.79166666666667,73.29166666666667,
2023-10-21,115.02083333333333,79.5,2573.9583333333335,55.46666666666667,40.829166666666666,103.375,1.0666666666666667,0.0,1.9583333333333333,170.125,99.375,
2023-10-22,144.57500000000002,100.44583333333333,2729.9583333333335,64.94583333333334,47.5375,123.16666666666667,1.4795833333333333,0.0,1.3708333333333333,182.125,107.20833333333333,
2023-10-23,137.24166666666667,95.41666666666667,2469.6666666666665,58.729166666666664,40.2875,108.625,1.3616666666666666,0.0,1.6395833333333334,184.08333333333334,123.79166666666667,
2023-10-24,135.45833333333334,94.07083333333333,2023.7916666666667,48.92083333333333,41.387499999999996,137.79166666666666,1.7733333333333334,0.0,1.1958333333333333,187.79166666666666,112.95833333333333,
2023-10-25,105.56666666666666,73.70416666666667,1586.125,47.333333333333336,39.425000000000004,116.125,1.415,0.0,1.3541666666666667,177.08333333333334,106.875,
2023-10-26,106.63333333333333,74.47083333333333,2339.75,63.699999999999996,39.699999999999996,101.41666666666667,1.0179166666666666,0.0,1.8520833333333335,171.04166666666666,98.70833333333333,
2023-10-27,82.8125,57.625,2077.75,52.74583333333334,33.166666666666664,91.83333333333333,0.6758333333333333,0.0,2.120833333333333,162.70833333333334,96.375,
2023-10-28,69.81666666666666,48.262499999999996,1907.75,52.833333333333336,34.425000000000004,77.16666666666667,0.46291666666666664,0.375,2.69375,143.0,81.16666666666667,
2023-10-29,83.82916666666667,57.9625,2235.0833333333335,54.95416666666667,37.19166666666667,91.16666666666667,0.6091666666666666,0.25,2.183333333333333,150.41666666666666,82.0,
2023-10-30,89.8625,62.70416666666667,2405.7916666666665,59.18333333333334,38.42916666666667,108.04166666666667,0.7566666666666667,0.0,2.0395833333333333,166.75,86.20833333333333,
2023-10-31,100.2375,69.74583333333334,1971.125,54.925000000000004,41.94166666666667,118.54166666666667,1.22625,0.0,1.8770833333333332,172.08333333333334,94.875,
2023-11-01,107.46249999999999,74.875,1643.125,49.083333333333336,42.19166666666667,109.20833333333333,1.2425,0.0,1.679166666666667,171.29166666666666,97.375,
2023-11-02,132.05833333333334,91.7625,1978.0833333333333,56.85833333333334,46.09166666666667,131.875,1.5516666666666667,0.0,1.2729166666666667,184.79166666666666,104.33333333333333,
2023-11-03,127.47916666666667,88.82916666666667,1718.75,45.50416666666666,41.954166666666666,138.54166666666666,1.4625000000000001,0.0,1.6770833333333333,189.41666666666666,114.33333333333333,
2023-11-04,87.87916666666666,61.1625,1293.625,46.637499999999996,39.78333333333333,85.75,1.1379166666666667,0.0,1.3104166666666666,160.125,99.79166666666667,
2023-11-05,92.9875,64.70833333333333,1702.9583333333333,54.98333333333333,43.550000000000004,84.29166666666667,0.97625,0.0,1.4354166666666668,157.625,91.0,
2023-11-06,99.70833333333333,69.20416666666667,2358.5833333333335,62.8125,43.675000000000004,87.95833333333333,0.8295833333333333,0.0,1.95,160.83333333333334,92.66666666666667,
2023-11-07,118.45416666666667,82.37916666666668,2260.25,60.59166666666667,46.862500000000004,120.75,1.1504166666666666,0.125,1.6041666666666667,175.54166666666666,99.5,
2023-11-08,141.57916666666668,98.42916666666667,2311.4583333333335,65.30833333333334,53.47083333333333,116.5,1.0133333333333334,0.0,1.8354166666666665,181.625,113.79166666666667,
2023-11-09,125.95,87.6125,2125.5416666666665,54.85833333333333,40.59166666666667,119.83333333333333,1.39625,0.375,1.4625000000000001,184.79166666666666,112.91666666666667,
2023-11-10,106.84166666666665,74.33749999999999,1707.5833333333333,47.6875,37.63333333333333,103.5,1.3941666666666668,0.0,1.3395833333333333,172.375,103.91666666666667,
2023-11-11,119.57083333333333,83.37916666666666,1814.5416666666667,52.24583333333334,42.083333333333336,117.29166666666667,1.5216666666666667,0.0,1.28125,179.16666666666666,105.20833333333333,
2023-11-12,104.52916666666665,72.80416666666666,1896.5416666666667,57.59166666666667,38.50416666666667,96.95833333333333,1.1895833333333334,0.0,1.5625,168.66666666666666,99.58333333333333,
2023-11-13,99.86666666666667,69.56666666666666,2101.5,59.89166666666667,38.525,89.54166666666667,0.8733333333333334,0.0,1.8958333333333333,166.08333333333334,102.625,
2023-11-14,96.4875,66.5,1585.4583333333333,53.84166666666667,40.108333333333334,83.54166666666667,1.2758333333333334,0.0,1.3916666666666666,157.70833333333334,94.70833333333333,
2023-11-15,98.3125,68.50416666666666,1719.25,56.15416666666667,44.137499999999996,109.79166666666667,1.0445833333333334,0.0,1.7895833333333335,168.5,89.625,
2023-11-16,106.70833333333333,74.55416666666666,1985.0,53.387499999999996,40.0625,119.66666666666667,1.2320833333333334,0.0,1.7354166666666666,177.41666666666666,97.16666666666667,
2023-11-17,124.10833333333333,86.35000000000001,1980.0,57.63333333333333,45.09583333333333,117.08333333333333,1.6891666666666667,0.0,1.0374999999999999,174.25,104.75,
2023-11-18,100.37916666666666,69.90416666666667,1636.625,49.699999999999996,41.858333333333334,121.95833333333333,1.1025,0.0,1.4458333333333335,173.25,102.45833333333333,
2023-11-19,124.48333333333333,86.5625,2215.4166666666665,60.86666666666667,47.833333333333336,117.875,1.1379166666666667,0.0,2.0104166666666665,176.16666666666666,99.83333333333333,
2023-11-20,113.93333333333334,78.95833333333333,1929.6666666666667,51.74166666666667,43.22083333333333,104.75,1.2075,0.0,1.9145833333333335,175.25,110.79166666666667,
2023-11-21,112.6875,77.69583333333334,1670.8333333333333,56.9625,46.949999999999996,105.70833333333333,1.2720833333333335,0.0,1.4229166666666666,170.33333333333334,103.66666666666667,
2023-11-22,103.72500000000001,72.0125,1528.5,49.55833333333334,45.15,117.20833333333333,1.0595833333333333,0.0,1.5687499999999999,172.33333333333334,95.95833333333333,
2023-11-23,133.91666666666666,93.3875,2297.5833333333335,67.41250000000001,60.5625,103.75,1.12875,0.0,1.2895833333333333,169.95833333333334,104.25,
2023-11-24,143.07083333333333,99.57083333333333,2574.7083333333335,65.92083333333333,59.89166666666667,97.54166666666667,1.82,0.0,0.7312500000000001,177.625,124.375,
2023-11-25,100.49166666666667,70.12916666666666,2016.4583333333333,60.50833333333333,48.59583333333333,58.833333333333336,1.0620833333333333,0.0,0.9083333333333333,163.5,105.04166666666667,
2023-11-26,99.69583333333333,69.63333333333334,2265.8333333333335,70.21249999999999,48.12916666666666,71.04166666666667,0.8345833333333333,0.0,1.5,155.0,92.04166666666667,
2023-11-27,101.97916666666667,71.11666666666666,1792.875,60.229166666666664,54.92916666666667,68.875,1.3291666666666666,0.0,0.7916666666666666,163.79166666666666,105.54166666666667,
2023-11-28,100.6375,70.1875,1822.2083333333333,51.90416666666667,42.574999999999996,99.875,1.0520833333333333,0.0,1.5916666666666668,162.41666666666666,89.79166666666667,
2023-11-29,81.95833333333333,57.12083333333334,1519.0,47.574999999999996,40.53333333333333,91.625,0.7395833333333334,0.0,2.1375,160.79166666666666,93.29166666666667,
2023-11-30,66.09583333333333,46.050000000000004,1198.875,45.26666666666667,40.68333333333333,89.45833333333333,0.7979166666666666,0.0,1.6145833333333333,142.625,80.16666666666667,
2023-12-01,72.31666666666666,50.5625,2006.4583333333333,60.69583333333333,51.54583333333333,29.5,0.43916666666666665,0.0,1.26875,118.125,74.20833333333333,
2023-12-02,102.66666666666667,71.81666666666666,2354.9583333333335,62.583333333333336,54.65833333333333,98.45833333333333,1.035,0.0,1.4312500000000001,164.66666666666666,93.5,
2023-12-03,93.59166666666665,65.23333333333333,1407.7916666666667,47.475,44.35833333333333,94.08333333333333,1.1354166666666667,0.0,1.1208333333333333,159.16666666666666,94.20833333333333,
2023-12-04,103.39583333333333,72.22916666666667,2301.3333333333335,66.54166666666667,57.92083333333333,75.41666666666667,0.7425,0.0,1.6291666666666667,156.33333333333334,90.5,
2023-12-05,129.5875,90.62916666666666,2889.6666666666665,67.12083333333334,54.06666666666666,112.20833333333333,1.2029166666666666,0.0,1.4479166666666667,178.875,110.29166666666667,
2023-12-06,131.92499999999998,91.93333333333334,2146.8333333333335,59.125,50.3125,111.75,1.1645833333333333,0.0,1.2625,180.0,115.41666666666667,
2023-12-07,97.84166666666665,68.36666666666666,1805.0416666666667,53.275,45.11666666666667,96.75,1.0220833333333335,0.0,1.41875,167.95833333333334,101.375,
2023-12-08,84.35000000000001,58.6625,1542.0,49.40833333333333,38.38333333333333,77.75,0.9470833333333334,0.0,1.7604166666666667,157.625,90.54166666666667,
2023-12-09,98.27499999999999,68.51666666666667,1926.7083333333333,63.387499999999996,48.449999999999996,72.79166666666667,1.2483333333333333,0.0,1.3375000000000001,154.5,89.25,
2023-12-10,74.85000000000001,52.03333333333333,1355.125,51.03333333333333,42.295833333333334,73.5,1.0008333333333332,0.0,1.4229166666666666,151.625,88.375,
2023-12-11,101.5,70.78333333333333,1608.875,55.24583333333334,50.949999999999996,99.08333333333333,1.1041666666666667,0.0,1.2791666666666666,161.54166666666666,90.45833333333333,
2023-12-12,98.77499999999999,68.625,1517.6666666666667,45.86666666666667,45.28333333333333,110.875,0.9700000000000001,0.0,1.6875,167.58333333333334,95.08333333333333,
2023-12-13,114.85833333333333,76.79583333333333,2271.8333333333335,65.50416666666666,48.375,97.70833333333333,0.8612500000000001,0.0,1.9749999999999999,168.70833333333334,95.79166666666667,
2023-12-14,103.59166666666665,79.64583333333333,2037.125,60.13333333333333,44.975,90.04166666666667,0.7670833333333333,0.0,2.0125,167.875,100.875,
2023-12-15,89.55416666666667,101.32083333333333,2041.8333333333333,60.150000000000006,43.824999999999996,82.625,0.6716666666666667,0.0,2.4,173.25,117.75,
2023-12-16,115.05,80.1875,2543.3333333333335,72.32083333333334,52.925000000000004,111.04166666666667,0.9191666666666666,0.0,1.9520833333333334,181.58333333333334,108.16666666666667,
2023-12-17,96.02083333333333,66.8875,2042.2916666666667,60.7875,47.75,91.625,0.7979166666666667,0.0,2.1145833333333335,169.20833333333334,102.45833333333333,
2023-12-18,102.25416666666666,71.04583333333333,2355.1666666666665,62.4375,47.24166666666667,81.70833333333333,0.735,0.0,2.15625,160.375,96.41666666666667,
2023-12-19,81.97083333333333,56.65416666666667,1942.4166666666667,47.324999999999996,37.47083333333333,72.04166666666667,0.6945833333333334,0.0,2.1541666666666663,156.79166666666666,94.29166666666667,
2023-12-20,52.00833333333333,36.233333333333334,1578.375,37.80833333333333,32.375,62.083333333333336,0.42250000000000004,0.0,2.7229166666666664,119.375,73.375,
2023-12-21,67.52499999999999,46.68333333333334,1765.8333333333333,43.17916666666667,40.020833333333336,84.125,0.5241666666666667,0.0,2.3666666666666667,132.125,75.375,
2023-12-22,62.75833333333333,43.541666666666664,1584.875,48.770833333333336,40.329166666666666,65.08333333333333,0.5895833333333333,0.0,2.0229166666666667,116.95833333333333,72.625,
2023-12-23,134.72083333333333,93.19583333333333,2197.5,60.512499999999996,58.03333333333333,123.16666666666667,1.515,0.0,1.5229166666666665,172.04166666666666,94.29166666666667,
2023-12-24,148.55416666666667,103.2625,1713.9166666666667,49.87916666666666,45.00416666666666,109.95833333333333,2.0729166666666665,0.0,0.9208333333333334,179.875,120.95833333333333,
2023-12-25,110.60833333333333,76.85000000000001,1258.7916666666667,41.324999999999996,47.237500000000004,125.04166666666667,1.8545833333333333,0.0,1.1583333333333334,177.125,115.125,
2023-12-26,90.18333333333334,62.775,1381.5,50.55416666666667,49.45416666666667,84.5,1.2770833333333333,0.0,1.1895833333333334,155.08333333333334,92.16666666666667,
2023-12-27,100.75833333333333,70.26666666666667,1495.6666666666667,50.10833333333333,54.895833333333336,101.79166666666667,1.2879166666666666,0.0,1.3541666666666667,164.625,92.66666666666667,
2023-12-28,102.55,71.425,1857.0416666666667,50.324999999999996,45.65,112.16666666666667,1.1070833333333334,0.0,1.5458333333333334,172.29166666666666,95.54166666666667,
2023-12-29,110.53333333333335,76.83749999999999,2010.4583333333333,56.637499999999996,42.800000000000004,102.83333333333333,1.0716666666666665,0.0,1.76875,171.04166666666666,102.20833333333333,
2023-12-30,69.99166666666666,48.59166666666667,1270.25,43.525,39.49583333333333,85.16666666666667,0.7504166666666667,0.0,1.7291666666666667,153.91666666666666,91.58333333333333,
2023-12-31,96.59166666666665,67.25416666666666,1846.0,60.449999999999996,57.34166666666667,76.66666666666667,0.7816666666666667,0.0,1.3520833333333335,144.375,83.70833333333333,
2024-01-01,99.57083333333333,69.27083333333333,1763.5,51.625,50.0875,112.20833333333333,1.015,0.0,1.78125,172.375,96.45833333333333,
2024-01-02,80.86666666666666,56.416666666666664,1305.9583333333333,46.237500000000004,43.6,93.375,1.0629166666666667,0.0,1.375,156.125,88.58333333333333,
2024-01-03,57.44583333333333,40.06666666666667,1456.2916666666667,53.25416666666666,48.958333333333336,46.916666666666664,0.5383333333333333,0.0,0.9958333333333332,131.54166666666666,78.5,
2024-01-04,71.47083333333333,49.6625,2041.9583333333333,58.525,50.65,41.416666666666664,0.6716666666666667,0.0,0.8291666666666666,122.625,75.58333333333333,
2024-01-05,70.52916666666667,49.25833333333333,2003.75,58.13333333333333,50.77916666666667,67.20833333333333,0.5633333333333334,0.0,1.9124999999999999,142.33333333333334,82.0,
2024-01-06,85.63333333333333,59.824999999999996,1933.0,55.71666666666667,47.29583333333333,80.41666666666667,0.8262499999999999,0.0,1.5854166666666665,141.20833333333334,79.20833333333333,
2024-01-07,102.73333333333333,71.68333333333334,2175.5,62.666666666666664,49.020833333333336,80.75,1.23,0.0,1.2645833333333334,161.875,96.41666666666667,
2024-01-08,87.875,61.3375,2180.6666666666665,64.34166666666667,57.12916666666667,35.666666666666664,0.48291666666666666,0.0,1.5729166666666667,156.16666666666666,93.79166666666667,
2024-01-09,75.19583333333334,52.55833333333334,2246.7083333333335,54.137499999999996,39.52916666666667,48.375,0.5245833333333333,0.0,2.24375,150.83333333333334,86.83333333333333,
2024-01-10,73.87083333333334,51.59166666666667,1750.5833333333333,54.67083333333333,42.575,58.333333333333336,0.61,0.0,1.8687500000000001,136.25,79.875,
2024-01-11,52.354166666666664,36.5875,1491.0416666666667,47.76666666666667,39.675000000000004,26.708333333333332,0.4679166666666667,0.0,1.3375000000000001,117.29166666666667,74.0,
2024-01-12,46.49583333333334,32.44166666666667,1392.875,34.55,32.791666666666664,43.458333333333336,0.39999999999999997,0.0,2.091666666666667,99.58333333333333,68.16666666666667,
2024-01-13,52.13333333333333,36.237500000000004,1475.1666666666667,38.34166666666666,34.324999999999996,47.916666666666664,0.41375,0.0,1.8791666666666667,99.125,68.04166666666667,
2024-01-14,72.55,50.199999999999996,1407.3333333333333,45.62916666666666,40.708333333333336,69.33333333333333,0.63125,0.0,2.214583333333333,107.83333333333333,69.75,
2024-01-15,83.27083333333333,57.80833333333333,2124.4583333333335,51.333333333333336,42.24166666666667,40.666666666666664,0.6025,0.0,1.9375,154.0,91.20833333333333,
2024-01-16,42.40833333333333,29.270833333333332,1397.875,28.075,31.145833333333332,25.333333333333332,0.27625,0.0,2.3041666666666667,118.66666666666667,74.41666666666667,
2024-01-17,33.8375,23.441666666666666,1154.0416666666667,22.912499999999998,27.96666666666667,22.5,0.205,0.0,1.5791666666666666,78.91666666666667,60.166666666666664,
2024-01-18,31.287499999999998,21.754166666666666,1084.6666666666667,23.704166666666666,25.666666666666668,18.958333333333332,0.19499999999999998,0.0,1.6833333333333333,71.5,48.458333333333336,
2024-01-19,25.412499999999998,17.6875,923.7916666666666,26.77916666666667,25.65416666666667,12.625,0.16916666666666666,0.0,0.7541666666666668,65.95833333333333,39.375,
2024-01-20,25.620833333333334,17.554166666666667,721.875,20.120833333333334,18.912499999999998,29.958333333333332,0.15875,0.0,3.091666666666667,63.125,36.416666666666664,
2024-01-21,25.9375,17.795833333333334,753.7083333333334,18.083333333333332,20.229166666666668,19.541666666666668,0.1825,0.0,1.7166666666666668,62.916666666666664,36.083333333333336,
2024-01-22,22.383333333333336,15.483333333333334,698.625,16.525000000000002,20.420833333333334,20.625,0.18041666666666667,0.0,2.38125,58.125,31.541666666666668,
2024-01-23,25.816666666666666,17.845833333333335,831.875,16.554166666666667,20.033333333333335,22.75,0.15541666666666668,0.0,2.627083333333333,59.375,32.833333333333336,
2024-01-24,33.0625,22.820833333333336,1109.0833333333333,19.9875,26.183333333333334,20.541666666666668,0.19833333333333333,0.0,1.9187500000000002,66.41666666666667,40.25,
2024-01-25,51.137499999999996,35.30416666666667,1793.5833333333333,27.099999999999998,35.983333333333334,31.333333333333332,0.28708333333333336,0.0,2.2416666666666667,85.75,62.458333333333336,
2024-01-26,57.104166666666664,38.887499999999996,1437.8333333333333,45.03333333333333,45.75833333333333,31.708333333333332,0.5433333333333333,0.0,1.1458333333333333,112.04166666666667,72.25,
2024-01-27,45.03333333333333,30.804166666666664,999.5416666666666,40.24583333333333,42.233333333333334,32.458333333333336,0.5058333333333334,0.0,1.4229166666666666,92.70833333333333,65.625,
2024-01-28,46.775,32.041666666666664,1055.875,40.43333333333333,37.579166666666666,49.916666666666664,0.4879166666666667,0.0,1.9666666666666666,92.25,65.625,
2024-01-29,49.800000000000004,34.225,1262.4583333333333,46.237500000000004,41.94166666666667,42.833333333333336,0.435,0.0,2.0708333333333333,90.25,64.83333333333333,
2024-01-30,59.0375,40.0375,1251.0833333333333,53.362500000000004,50.387499999999996,39.291666666666664,0.6774999999999999,0.0,1.1500000000000001,115.0,73.25,
2024-01-31,62.54583333333333,43.050000000000004,1432.3333333333333,53.270833333333336,47.225,46.166666666666664,0.555,0.0,1.5166666666666666,102.625,69.25,
2024-02-01,59.90833333333333,41.5625,1645.125,43.0,39.199999999999996,29.5,0.4295833333333334,0.0,1.5333333333333334,126.04166666666667,76.70833333333333,
2024-02-02,44.67916666666667,31.141666666666666,1628.3333333333333,23.708333333333332,29.795833333333334,24.958333333333332,0.2758333333333333,0.0,2.285416666666667,93.5,65.83333333333333,
2024-02-03,40.762499999999996,28.40416666666667,1477.875,28.608333333333334,34.05416666666667,13.0,0.29291666666666666,0.0,1.125,99.41666666666667,68.04166666666667,
2024-02-04,45.02916666666667,31.104166666666668,1646.25,30.070833333333336,37.44583333333333,17.583333333333332,0.2316666666666667,0.0,1.4166666666666667,75.75,54.208333333333336,
2024-02-05,59.4625,41.416666666666664,1997.75,45.22083333333333,44.57083333333333,29.0,0.33375,0.0,1.4458333333333335,113.29166666666667,72.625,
2024-02-06,34.458333333333336,23.974999999999998,1248.1666666666667,27.741666666666664,30.337500000000002,15.125,0.17875,0.0,1.33125,93.875,65.875,
2024-02-07,44.23333333333333,30.7375,1281.7083333333333,26.650000000000002,29.3125,27.458333333333332,0.27208333333333334,0.0,1.8020833333333333,78.875,58.083333333333336,
2024-02-08,62.11666666666667,43.199999999999996,1780.5416666666667,39.795833333333334,33.675000000000004,45.041666666666664,0.2833333333333333,0.0,2.702083333333333,98.54166666666667,67.79166666666667,
2024-02-09,84.14583333333333,58.50416666666666,2042.25,50.645833333333336,39.5375,100.45833333333333,0.6041666666666666,0.0,2.310416666666667,153.875,83.16666666666667,
2024-02-10,57.041666666666664,39.270833333333336,1143.2916666666667,41.56666666666667,45.708333333333336,44.5,0.5216666666666666,0.0,1.3625,136.75,80.375,
2024-02-11,60.5,41.85,1469.625,48.38333333333333,46.975,41.625,0.46166666666666667,0.0,1.9895833333333333,107.95833333333333,71.0,
2024-02-12,57.354166666666664,39.175000000000004,1312.2916666666667,48.775,41.020833333333336,53.791666666666664,0.43333333333333335,0.0,2.0625,110.75,71.83333333333333,
2024-02-13,71.7625,49.21666666666667,1687.5833333333333,50.28333333333333,41.77916666666667,63.208333333333336,0.5945833333333334,0.0,1.7437500000000001,126.79166666666667,76.91666666666667,
2024-02-14,69.89583333333333,48.38333333333333,1543.4166666666667,47.6875,44.354166666666664,78.95833333333333,0.6870833333333334,0.0,1.98125,136.5,78.58333333333333,
2024-02-15,81.82916666666667,57.05416666666667,1664.3333333333333,52.949999999999996,45.30416666666667,76.45833333333333,0.71375,0.0,1.6270833333333334,141.04166666666666,80.75,
2024-02-16,77.54583333333333,53.987500000000004,1806.625,56.46666666666667,52.50833333333333,51.958333333333336,0.7054166666666667,0.0,1.39375,151.20833333333334,86.83333333333333,
2024-02-17,60.00833333333333,41.43333333333333,1336.0416666666667,45.2875,44.225,46.958333333333336,0.6991666666666667,0.0,0.9333333333333332,128.16666666666666,77.45833333333333,
2024-02-18,61.63333333333333,42.987500000000004,1521.75,50.48333333333333,46.925000000000004,76.29166666666667,0.5925,0.0,1.8145833333333332,111.33333333333333,70.79166666666667,
2024-02-19,108.58333333333333,75.5,2055.9583333333335,57.94583333333333,48.987500000000004,106.375,0.8775,0.0,1.7083333333333333,159.125,88.29166666666667,
2024-02-20,122.32916666666667,85.02083333333333,2376.2083333333335,60.0625,45.32916666666667,114.625,0.7208333333333333,0.0,2.214583333333333,177.54166666666666,109.75,
2024-02-21,91.42916666666667,63.824999999999996,2020.0833333333333,64.34166666666667,53.708333333333336,53.833333333333336,0.7062499999999999,0.0,0.75,158.29166666666666,96.95833333333333,
2024-02-22,49.125,33.85,1407.4583333333333,37.9,31.46666666666667,39.125,0.37041666666666667,0.25,2.597916666666667,127.79166666666667,77.91666666666667,
2024-02-23,56.887499999999996,39.045833333333334,1837.8333333333333,35.795833333333334,32.84166666666667,43.541666666666664,0.37125,0.4166666666666667,2.5187500000000003,97.0,67.41666666666667,
2024-02-24,72.55,49.68333333333334,2032.6666666666667,53.13333333333333,46.96666666666667,44.333333333333336,0.6416666666666667,0.625,2.2041666666666666,133.58333333333334,79.125,
2024-02-25,43.63333333333333,30.1375,1186.7083333333333,44.81666666666666,46.775,26.791666666666668,0.445,0.2916666666666667,1.3395833333333333,104.08333333333333,69.45833333333333,
2024-02-26,79.25416666666668,54.737500000000004,2020.9166666666667,59.145833333333336,53.44166666666666,58.208333333333336,0.4925,0.0,1.6875,105.54166666666667,70.0,
2024-02-27,86.64166666666667,60.012499999999996,1816.0,57.4,50.00416666666666,71.70833333333333,0.7525,0.0,1.425,156.95833333333334,95.08333333333333,
2024-02-28,62.12916666666666,43.20416666666667,1781.5416666666667,60.300000000000004,53.62916666666666,34.666666666666664,0.58375,0.0,1.0520833333333333,113.29166666666667,72.75,
2024-02-29,91.6875,63.64166666666667,2727.7083333333335,76.90416666666667,63.416666666666664,45.291666666666664,0.5145833333333333,0.0,1.5687499999999999,147.70833333333334,85.54166666666667,
2024-03-01,88.01666666666667,60.925000000000004,2489.1666666666665,61.54583333333333,49.645833333333336,62.875,0.6370833333333333,0.0,1.8416666666666668,155.5,92.75,
2024-03-02,74.075,51.525,2022.5,58.112500000000004,49.75,36.875,0.6766666666666667,0.0,1.2416666666666667,150.41666666666666,85.25,
2024-03-03,64.70416666666667,45.041666666666664,2076.5,46.7125,45.00416666666666,37.083333333333336,0.56625,0.0,1.2437500000000001,123.5,75.875,
2024-03-04,42.34166666666667,29.441666666666666,1471.0,28.329166666666666,30.458333333333332,27.458333333333332,0.305,0.0,2.004166666666667,103.75,69.5,
2024-03-05,39.46666666666667,27.4375,1269.7916666666667,26.633333333333336,29.55,32.125,0.2870833333333333,0.0,2.08125,84.79166666666667,62.625,
2024-03-06,37.17916666666667,25.795833333333334,1300.2083333333333,25.75,30.083333333333332,19.541666666666668,0.28541666666666665,0.0,1.6187500000000001,82.79166666666667,61.916666666666664,
2024-03-07,34.395833333333336,23.870833333333334,1125.2083333333333,25.2625,28.3625,22.291666666666668,0.26666666666666666,0.0,1.6624999999999999,80.75,61.25,
2024-03-08,21.287499999999998,14.554166666666667,681.4166666666666,18.3125,21.741666666666664,23.708333333333332,0.15916666666666665,0.0,2.433333333333333,64.45833333333333,38.791666666666664,
2024-03-09,46.36666666666667,32.295833333333334,1963.25,39.5,38.795833333333334,17.333333333333332,0.22083333333333333,0.0,0.8666666666666667,57.75,32.291666666666664,
2024-03-10,70.69166666666666,49.03333333333333,2422.4166666666665,54.63333333333333,60.412499999999994,49.0,0.4979166666666666,0.0,1.4625000000000001,130.79166666666666,78.29166666666667,
2024-03-11,49.1625,34.03333333333333,1103.2916666666667,43.89166666666667,42.391666666666666,48.5,0.54125,0.0,1.2916666666666667,114.875,73.125,
2024-03-12,43.28333333333333,29.625,953.4166666666666,32.829166666666666,34.40833333333333,62.916666666666664,0.5245833333333333,0.0,2.316666666666667,93.79166666666667,65.125,
2024-03-13,50.05833333333334,34.21666666666667,866.9166666666666,35.82083333333333,29.425,49.833333333333336,0.8254166666666666,0.0,1.2833333333333334,89.79166666666667,64.5,
2024-03-14,34.7875,24.070833333333336,786.75,30.545833333333334,31.366666666666664,39.208333333333336,0.47541666666666665,0.0,1.4375,94.29166666666667,66.20833333333333,
2024-03-15,17.929166666666667,12.408333333333333,596.75,20.645833333333332,20.804166666666667,22.0,0.17791666666666664,0.0,1.4208333333333334,58.625,33.125,
2024-03-16,19.8625,13.770833333333334,698.2083333333334,18.804166666666667,22.808333333333334,19.833333333333332,0.12958333333333333,0.0,1.8104166666666668,53.458333333333336,27.333333333333332,
2024-03-17,21.204166666666666,14.641666666666666,689.5416666666666,16.854166666666668,22.125,20.708333333333332,0.13333333333333333,0.0,1.9291666666666665,53.875,27.625,
2024-03-18,25.583333333333332,17.400000000000002,838.5833333333334,17.704166666666666,22.6375,24.458333333333332,0.12083333333333333,0.0,2.9937500000000004,59.25,32.75,
2024-03-19,28.09166666666667,19.354166666666668,896.7916666666666,18.041666666666668,22.120833333333334,26.708333333333332,0.09625,0.0,2.9166666666666665,65.875,39.083333333333336,
2024-03-20,35.1,24.020833333333332,1048.2083333333333,23.079166666666666,24.895833333333332,37.625,0.14041666666666666,0.0,3.033333333333333,68.04166666666667,43.75,
2024-03-21,45.46666666666667,31.254166666666666,1244.6666666666667,32.43333333333333,34.69166666666667,39.875,0.30624999999999997,0.0,2.372916666666667,80.16666666666667,60.416666666666664,
2024-03-22,69.97916666666667,48.73333333333333,1843.0833333333333,59.35833333333333,53.137499999999996,51.916666666666664,0.5579166666666667,0.0,1.4270833333333333,105.0,69.875,
2024-03-23,108.32083333333333,75.5625,2791.125,65.29583333333333,50.958333333333336,110.5,0.8170833333333333,0.0,1.89375,169.20833333333334,91.04166666666667,
2024-03-24,97.25,67.74583333333334,2148.375,54.43333333333334,43.12916666666666,118.125,0.9833333333333334,0.0,1.6729166666666666,174.375,100.875,
2024-03-25,73.84583333333333,51.1625,1549.5,46.97083333333333,38.483333333333334,102.75,0.68125,0.0,2.152083333333333,153.33333333333334,83.08333333333333,
2024-03-26,102.08333333333333,70.82083333333334,2260.5416666666665,59.80416666666667,44.84166666666667,98.0,0.7679166666666667,0.0,1.8687500000000001,162.5,92.41666666666667,
2024-03-27,104.16250000000001,72.48333333333333,1817.8333333333333,58.77916666666667,49.229166666666664,88.75,1.2341666666666666,0.0,1.2479166666666666,159.875,98.25,
2024-03-28,88.62916666666666,61.85833333333333,1618.7916666666667,52.39166666666667,53.962500000000006,109.625,0.9379166666666666,0.0,1.8270833333333334,169.95833333333334,91.66666666666667,
2024-03-29,89.26666666666667,62.34583333333333,1796.9166666666667,56.09166666666667,50.050000000000004,109.70833333333333,0.7200000000000001,0.0,2.0541666666666667,169.125,87.33333333333333,
2024-03-30,117.90416666666665,82.21249999999999,2280.3333333333335,59.4,51.93333333333334,143.45833333333334,0.9620833333333333,0.0,1.9166666666666667,189.66666666666666,103.33333333333333,
2024-03-31,97.4875,67.57083333333334,1846.1666666666667,60.2125,48.35833333333333,91.25,1.0908333333333333,0.0,1.1708333333333332,157.91666666666666,92.66666666666667,
2024-04-01,125.19166666666666,87.05416666666667,2189.625,57.87083333333334,53.78333333333333,137.41666666666666,1.1716666666666666,0.0,1.5562500000000001,185.16666666666666,110.54166666666667,
2024-04-02,116.7625,81.02083333333333,2169.125,61.27916666666667,48.3125,109.95833333333333,1.11375,0.0,1.4249999999999998,173.33333333333334,100.125,
2024-04-03,118.89999999999999,82.92916666666666,2469.875,71.09166666666667,57.40833333333333,85.66666666666667,0.94125,0.0,1.28125,169.54166666666666,108.45833333333333,
2024-04-04,99.40416666666665,69.35000000000001,2236.0416666666665,59.1625,48.362500000000004,122.16666666666667,0.9166666666666666,0.0,1.9583333333333333,180.95833333333334,101.16666666666667,
2024-04-05,116.45833333333333,80.99166666666666,1994.2083333333333,60.22083333333333,59.7875,116.625,0.9824999999999999,0.0,1.5229166666666665,172.45833333333334,101.875,
2024-04-06,118.53750000000001,82.56666666666666,2626.75,78.40833333333333,57.34583333333333,62.125,1.0366666666666666,0.0,1.0541666666666667,160.08333333333334,99.75,
2024-04-07,115.77083333333333,80.625,2319.5,62.5625,49.25833333333333,105.95833333333333,0.855,0.0,2.0208333333333335,178.875,107.45833333333333,
2024-04-08,124.72500000000001,86.94166666666666,2508.4583333333335,70.95416666666667,54.93333333333334,106.79166666666667,0.69875,0.0,2.1041666666666665,178.91666666666666,108.25,
2024-04-09,103.56666666666666,72.21666666666667,2413.5,72.00833333333334,51.80833333333334,89.375,1.0258333333333334,0.0,1.2395833333333333,171.45833333333334,106.54166666666667,
2024-04-10,85.1375,59.48333333333333,1586.7916666666667,51.262499999999996,43.291666666666664,95.04166666666667,0.8495833333333334,0.0,1.9833333333333334,165.58333333333334,89.125,
2024-04-11,88.85833333333333,61.94583333333333,2020.2083333333333,60.61666666666667,44.041666666666664,91.25,0.9491666666666667,0.0,1.7062499999999998,160.125,85.83333333333333,
2024-04-12,87.79166666666667,61.387499999999996,1881.0833333333333,64.29583333333333,47.85833333333333,81.41666666666667,0.8920833333333333,0.0,1.4729166666666667,157.66666666666666,96.20833333333333,
2024-04-13,90.78333333333335,63.19583333333333,2013.3333333333333,57.574999999999996,43.99583333333334,114.625,0.8816666666666667,0.0,1.9375,167.66666666666666,85.45833333333333,
2024-04-14,89.80833333333334,62.53333333333333,2067.0416666666665,57.275,43.82083333333333,85.29166666666667,0.8491666666666666,0.0,1.4583333333333333,160.25,92.66666666666667,
2024-04-15,86.72500000000001,60.61666666666667,2140.5416666666665,55.32916666666667,42.06666666666667,90.25,0.6670833333333334,0.0,2.025,163.20833333333334,92.29166666666667,
2024-04-16,85.38333333333333,59.65833333333333,1803.875,54.69166666666666,42.516666666666666,102.58333333333333,0.7487499999999999,0.0,1.7916666666666667,161.95833333333334,85.33333333333333,
2024-04-17,76.81666666666668,53.4625,1395.4166666666667,44.65833333333333,42.84166666666667,121.91666666666667,0.8483333333333333,0.0,1.6708333333333334,169.20833333333334,85.70833333333333,
2024-04-18,96.60416666666667,66.7375,1934.125,54.979166666666664,48.22083333333333,113.875,0.8720833333333333,0.0,1.4000000000000001,167.75,88.79166666666667,
2024-04-19,95.49583333333334,66.14583333333333,1950.125,59.12083333333334,44.49166666666667,81.83333333333333,0.8404166666666667,0.0,1.3,156.75,92.29166666666667,
2024-04-20,84.54583333333333,59.03333333333333,1948.0,54.73333333333333,42.4125,70.79166666666667,0.68,0.0,1.5104166666666667,157.58333333333334,95.79166666666667,
2024-04-21,65.38333333333334,45.645833333333336,1527.9166666666667,54.5625,45.775,60.958333333333336,0.5399999999999999,0.0,1.5708333333333335,127.25,77.29166666666667,
2024-04-22,97.06666666666666,67.89999999999999,2715.6666666666665,67.54583333333333,49.11666666666667,97.54166666666667,0.7170833333333334,0.0,1.9833333333333334,151.70833333333334,81.33333333333333,
2024-04-23,113.78333333333335,79.4375,2042.375,58.65,58.35,124.41666666666667,1.2170833333333333,0.0,1.3854166666666667,176.20833333333334,102.54166666666667,
2024-04-24,147.67499999999998,103.325,2569.3333333333335,74.22916666666667,75.575,99.625,1.2495833333333335,0.0,1.0770833333333334,173.875,113.54166666666667,
2024-04-25,128.74166666666667,90.0,1984.25,57.64166666666667,63.824999999999996,107.25,1.5829166666666667,0.0,0.8562500000000001,177.16666666666666,119.875,
2024-04-26,79.325,55.49583333333334,1760.5833333333333,55.09583333333333,47.85833333333333,80.125,0.7245833333333334,0.0,1.5208333333333333,160.91666666666666,98.29166666666667,
2024-04-27,76.70416666666667,53.44583333333333,1830.2083333333333,56.24166666666667,46.362500000000004,51.083333333333336,0.5304166666666666,0.0,1.2562499999999999,143.08333333333334,82.16666666666667,
2024-04-28,92.04166666666667,64.23333333333333,1871.25,52.24583333333334,45.0625,103.875,0.59,0.0,1.9083333333333334,160.125,85.0,
2024-04-29,86.28750000000001,60.17083333333333,1732.9583333333333,54.7875,41.854166666666664,84.29166666666667,0.6275000000000001,0.0,1.9270833333333333,157.79166666666666,93.20833333333333,
2024-04-30,88.76666666666667,61.71666666666667,1660.25,57.65833333333333,48.69583333333333,95.25,0.90125,0.0,1.6729166666666666,154.41666666666666,84.41666666666667,
2024-05-01,99.59166666666668,69.40833333333333,2215.0,70.14166666666667,50.4625,76.33333333333333,1.1054166666666667,0.0,1.5520833333333333,156.54166666666666,94.45833333333333,
2024-05-02,97.35000000000001,67.92083333333333,1816.6666666666667,59.99166666666667,49.050000000000004,102.375,1.2987499999999998,0.0,1.4770833333333335,165.29166666666666,95.5,
2024-05-03,88.83749999999999,61.82916666666667,1464.6666666666667,46.775,47.416666666666664,129.04166666666666,1.0654166666666667,0.0,1.3875,174.66666666666666,90.20833333333333,
2024-05-04,85.85416666666667,59.7875,1616.25,50.05416666666667,43.104166666666664,111.08333333333333,0.8970833333333333,0.0,1.5166666666666666,168.91666666666666,90.25,
2024-05-05,110.16250000000001,76.83749999999999,1855.7916666666667,56.82083333333333,48.80416666666667,125.25,1.2449999999999999,0.0,1.5875000000000001,176.0,91.16666666666667,
2024-05-06,135.46666666666667,94.07916666666667,2141.0416666666665,61.0,50.31666666666666,116.75,1.7254166666666666,0.0,1.0333333333333334,181.75,107.41666666666667,
2024-05-07,132.97916666666666,92.55833333333334,2717.8333333333335,76.43333333333334,50.854166666666664,94.5,1.0779166666666666,0.0,1.6979166666666667,177.04166666666666,118.20833333333333,
2024-05-08,153.05416666666667,106.46666666666665,3836.625,86.2625,54.416666666666664,90.75,1.3016666666666665,0.0,1.6229166666666666,176.08333333333334,119.16666666666667,
2024-05-09,149.95000000000002,103.64166666666667,3085.4583333333335,74.53333333333333,53.387499999999996,100.125,1.1108333333333333,0.0,1.5999999999999999,183.625,130.375,
2024-05-10,109.87916666666666,75.08749999999999,1785.8333333333333,57.5625,47.1875,89.29166666666667,0.8583333333333334,0.0,1.65625,170.33333333333334,110.20833333333333,
2024-05-11,99.7625,69.0,1606.375,49.6875,46.583333333333336,128.08333333333334,1.0374999999999999,0.0,1.5666666666666667,175.33333333333334,92.58333333333333,
2024-05-12,96.27499999999999,66.8625,1837.3333333333333,55.262499999999996,42.43333333333333,88.5,0.7975,0.0,1.5145833333333334,162.41666666666666,99.125,
2024-05-13,99.28750000000001,68.42916666666666,1718.25,51.612500000000004,42.2875,93.54166666666667,1.0879166666666666,0.0,1.1541666666666666,162.375,92.75,
2024-05-14,115.79166666666667,80.20833333333333,2399.4166666666665,67.16666666666667,53.449999999999996,90.16666666666667,1.0008333333333332,0.0,1.1645833333333333,162.75,94.08333333333333,
2024-05-15,113.46666666666665,78.27083333333333,2162.125,62.57083333333333,47.64166666666667,85.95833333333333,0.6775000000000001,0.0,1.8708333333333333,169.08333333333334,111.04166666666667,
2024-05-16,121.58749999999999,84.0,2202.8333333333335,57.60833333333333,48.550000000000004,106.75,1.3254166666666667,0.0,1.2604166666666667,170.33333333333334,99.41666666666667,
2024-05-17,123.3,86.125,2623.4583333333335,71.09166666666667,51.137499999999996,97.41666666666667,1.02,0.0,1.6083333333333334,172.54166666666666,106.95833333333333,
2024-05-18,116.03750000000001,81.05416666666666,2605.3333333333335,64.04166666666667,46.43333333333334,103.33333333333333,1.12125,0.0,1.4000000000000001,175.5,112.33333333333333,
2024-05-19,112.55833333333334,78.53750000000001,2165.25,54.520833333333336,47.12916666666666,111.0,1.0658333333333332,0.0,1.4249999999999998,170.875,98.16666666666667,
2024-05-20,117.37916666666666,81.575,2480.625,59.587500000000006,44.42916666666667,88.08333333333333,1.1358333333333333,0.0,1.3625,164.95833333333334,104.29166666666667,
2024-05-21,148.58333333333334,103.20833333333333,2563.6666666666665,62.17083333333333,49.55416666666667,100.0,1.38375,0.0,1.1895833333333334,176.79166666666666,117.375,
2024-05-22,144.95416666666668,100.43333333333334,2503.4166666666665,61.699999999999996,50.6625,107.41666666666667,1.845,0.0,0.8270833333333334,177.625,115.45833333333333,
2024-05-23,162.0875,112.03333333333335,2069.5416666666665,59.333333333333336,56.87083333333334,124.33333333333333,2.0825,0.0,0.7000000000000001,189.54166666666666,135.83333333333334,
2024-05-24,84.31666666666666,58.479166666666664,1478.1666666666667,47.17083333333333,41.225,87.25,0.7879166666666667,0.0,1.5354166666666667,164.33333333333334,106.25,
2024-05-25,72.48333333333333,50.64166666666667,1909.125,71.05416666666666,54.65833333333333,33.0,0.4675,0.0,0.4395833333333334,130.04166666666666,78.16666666666667,
2024-05-26,97.79166666666667,67.92083333333333,2491.0,72.28750000000001,52.12916666666667,71.83333333333333,0.5954166666666667,0.0,1.625,151.66666666666666,87.58333333333333,
2024-05-27,107.00833333333333,74.60000000000001,2254.1666666666665,59.5,42.98333333333333,87.91666666666667,0.8300000000000001,0.0,1.4437499999999999,165.66666666666666,100.54166666666667,
2024-05-28,111.64583333333333,77.86666666666666,2181.625,64.58749999999999,46.88333333333333,95.125,0.8004166666666667,0.0,1.5250000000000001,166.41666666666666,97.04166666666667,
2024-05-29,150.275,104.28333333333335,2530.5416666666665,72.10000000000001,54.48333333333334,90.45833333333333,1.10375,0.0,1.3854166666666667,172.5,114.25,
2024-05-30,167.60416666666666,116.87916666666666,3099.7916666666665,88.65416666666665,63.00416666666666,109.08333333333333,1.4633333333333332,0.0,1.2583333333333333,185.95833333333334,124.875,
2024-05-31,154.84583333333333,108.00833333333333,2566.9166666666665,73.3875,56.50833333333333,108.41666666666667,1.36625,0.0,1.2958333333333334,189.91666666666666,136.29166666666666,
2024-06-01,149.8125,104.26666666666667,2588.5,69.69583333333334,57.68333333333334,99.41666666666667,1.3395833333333333,0.0,1.1645833333333333,181.16666666666666,124.20833333333333,
2024-06-02,155.10416666666666,108.27083333333333,2120.2083333333335,52.3375,55.975,148.66666666666666,1.5416666666666667,0.0,1.2854166666666667,198.08333333333334,124.54166666666667,
2024-06-03,133.40833333333333,93.10833333333333,1945.8333333333333,55.512499999999996,51.5875,111.04166666666667,1.32125,0.0,0.80625,180.45833333333334,120.41666666666667,
2024-06-04,122.95,85.74583333333334,2402.3333333333335,62.270833333333336,48.0375,91.45833333333333,0.9241666666666667,0.0,1.4854166666666666,173.875,113.45833333333333,
2024-06-05,150.15,104.45833333333333,2584.4583333333335,70.875,60.15833333333333,111.79166666666667,1.45875,0.0,1.04375,178.625,108.54166666666667,
2024-06-06,125.34583333333335,87.075,2302.0416666666665,64.375,47.35833333333333,78.95833333333333,1.1041666666666667,0.0,1.5083333333333335,178.91666666666666,128.25,
2024-06-07,104.59583333333335,72.50833333333334,1807.7083333333333,58.80833333333334,48.17916666666667,89.08333333333333,0.8508333333333334,0.0,1.40625,161.33333333333334,96.70833333333333,
2024-06-08,97.75833333333333,67.80416666666666,1811.2083333333333,58.67916666666667,46.85,87.29166666666667,0.7466666666666667,0.0,1.6145833333333333,163.79166666666666,99.95833333333333,
2024-06-09,105.7625,73.40833333333333,1877.625,57.6875,48.24166666666667,97.0,0.8833333333333333,0.0,1.15625,164.04166666666666,95.54166666666667,
2024-06-10,119.60000000000001,83.22916666666667,1857.25,58.22083333333333,48.6625,104.875,0.9366666666666666,0.0,1.4791666666666667,170.70833333333334,102.54166666666667,
2024-06-11,95.47500000000001,66.20833333333333,1537.125,58.45416666666667,48.041666666666664,73.08333333333333,1.1979166666666667,0.0,0.8375,160.29166666666666,100.04166666666667,
2024-06-12,72.5125,50.40833333333333,1308.75,47.833333333333336,41.77916666666667,62.458333333333336,0.66375,0.0,1.2270833333333333,150.16666666666666,86.75,
2024-06-13,73.54166666666667,51.15,1714.75,49.604166666666664,42.24583333333333,61.041666666666664,0.4266666666666667,0.0,1.6812500000000001,138.95833333333334,80.83333333333333,
2024-06-14,74.71666666666667,52.06666666666666,1496.7916666666667,48.85,44.675000000000004,82.04166666666667,0.7070833333333333,0.0,1.5250000000000001,133.70833333333334,77.54166666666667,
2024-06-15,101.68333333333334,70.90833333333333,1650.4166666666667,54.512499999999996,51.762499999999996,79.91666666666667,0.8991666666666666,0.0,1.1354166666666667,154.54166666666666,92.0,
2024-06-16,133.31666666666666,92.88333333333333,1662.7083333333333,53.45416666666667,54.583333333333336,112.79166666666667,1.4345833333333333,0.0,0.9291666666666667,175.375,105.08333333333333,
2024-06-17,126.94583333333333,88.71249999999999,2242.6666666666665,61.65416666666667,52.074999999999996,107.33333333333333,1.0479166666666666,0.0,1.3458333333333332,177.04166666666666,108.20833333333333,
2024-06-18,119.5,83.325,1806.125,53.862500000000004,48.51666666666667,89.58333333333333,0.9983333333333334,0.0,1.0666666666666667,170.95833333333334,114.70833333333333,
2024-06-19,91.71666666666665,63.770833333333336,1712.4166666666667,52.199999999999996,39.916666666666664,76.08333333333333,0.8220833333333334,0.0,1.4958333333333333,160.0,99.41666666666667,
2024-06-20,93.07916666666667,64.53750000000001,1659.9583333333333,52.17916666666667,39.75,92.79166666666667,0.6737500000000001,0.0,1.7729166666666665,160.08333333333334,88.25,
2024-06-21,106.65833333333335,74.19166666666666,2074.75,61.18333333333334,46.97083333333333,108.79166666666667,0.8883333333333333,0.0,1.6812500000000001,169.33333333333334,94.16666666666667,
2024-06-22,155.80416666666667,108.125,2624.75,69.95,57.6625,106.45833333333333,1.23875,0.0,1.1479166666666667,175.95833333333334,113.04166666666667,
2024-06-23,121.45,84.31666666666666,2600.5416666666665,69.42083333333333,47.12916666666666,91.83333333333333,0.5929166666666666,0.0,1.7625,178.45833333333334,123.0,
2024-06-24,93.02499999999999,64.33333333333333,1820.4166666666667,51.699999999999996,41.55416666666667,96.33333333333333,0.725,0.0,1.5729166666666667,165.04166666666666,97.41666666666667,
2024-06-25,88.42916666666667,61.14166666666667,1631.25,50.041666666666664,40.15,67.70833333333333,0.7429166666666666,0.0,1.29375,151.33333333333334,86.875,
2024-06-26,76.88333333333334,53.0625,1662.625,52.2125,40.25416666666667,69.95833333333333,0.45708333333333334,0.0,1.7687499999999998,153.83333333333334,90.20833333333333,
2024-06-27,62.2125,41.97083333333333,1254.9166666666667,43.89166666666667,37.583333333333336,60.583333333333336,0.43375,0.0,1.6729166666666666,122.125,75.5,
2024-06-28,59.35,40.85,1258.25,41.25416666666667,36.5875,53.958333333333336,0.4770833333333333,0.0,1.5833333333333333,117.83333333333333,74.08333333333333,
2024-06-29,63.208333333333336,43.92916666666667,1489.3333333333333,49.395833333333336,41.99583333333333,48.791666666666664,0.6079166666666667,0.0,1.0708333333333333,102.375,69.04166666666667,
2024-06-30,111.07083333333333,77.3875,2776.5,68.28333333333333,51.96666666666667,95.79166666666667,0.8120833333333333,0.0,1.4979166666666668,159.83333333333334,88.04166666666667,
2024-07-01,130.65,90.96249999999999,2338.25,60.65416666666667,55.25,137.79166666666666,1.37375,0.0,1.0479166666666666,187.75,112.04166666666667,
2024-07-02,92.17916666666667,64.34583333333333,1921.8333333333333,56.51666666666667,48.76666666666667,82.95833333333333,0.6879166666666667,0.0,1.3083333333333333,159.41666666666666,98.875,
2024-07-03,125.0625,87.35833333333333,2366.5833333333335,66.81666666666666,49.71666666666667,102.91666666666667,1.0004166666666667,0.0,1.4166666666666667,172.58333333333334,100.20833333333333,
2024-07-04,138.17499999999998,96.3,2481.2916666666665,68.72083333333333,60.09166666666667,91.79166666666667,1.0891666666666666,0.0,1.05,173.75,114.375,
2024-07-05,66.34166666666667,45.916666666666664,1363.375,44.175000000000004,38.291666666666664,62.333333333333336,0.4395833333333334,0.0,1.4145833333333335,161.08333333333334,102.33333333333333,
2024-07-06,38.637499999999996,26.474999999999998,926.3333333333334,34.15833333333333,30.679166666666664,37.291666666666664,0.32,0.0,1.0104166666666667,96.5,66.875,
2024-07-07,44.125,30.75,1155.3333333333333,39.725,34.24166666666667,43.375,0.26833333333333337,0.0,1.5729166666666667,77.5,58.416666666666664,
2024-07-08,63.95416666666667,44.48333333333333,1445.9166666666667,45.74166666666667,40.3375,65.75,0.57875,0.0,1.5333333333333332,110.58333333333333,71.54166666666667,
2024-07-09,67.09583333333333,46.65416666666667,1367.2916666666667,53.23333333333333,41.270833333333336,71.375,0.8495833333333334,0.0,1.1708333333333334,116.875,73.875,
2024-07-10,103.875,71.85416666666667,2169.9583333333335,60.916666666666664,45.9625,89.0,0.7949999999999999,0.0,1.6520833333333333,150.58333333333334,84.58333333333333,
2024-07-11,156.0625,108.375,3660.8333333333335,80.26666666666667,62.475,103.25,1.1908333333333332,0.0,1.34375,176.25,109.5,
2024-07-12,156.41666666666666,108.37916666666666,3111.6666666666665,65.52083333333333,55.23333333333333,96.54166666666667,1.1925000000000001,0.0,1.2020833333333332,188.5,139.0,
2024-07-13,145.45416666666668,101.22083333333335,3674.0,79.47916666666667,57.73333333333333,88.375,0.8820833333333334,0.0,1.2916666666666667,175.625,117.83333333333333,
2024-07-14,129.69583333333333,90.375,2947.0,71.325,55.17083333333333,103.04166666666667,0.7270833333333333,0.0,1.65625,182.41666666666666,120.625,
2024-07-15,110.59583333333335,76.39999999999999,2441.7083333333335,66.00833333333334,43.42916666666667,88.70833333333333,0.6058333333333333,0.0,1.8020833333333333,168.0,103.79166666666667,
2024-07-16,96.60833333333333,66.83333333333333,2426.2083333333335,60.20416666666667,41.5875,88.625,0.52375,0.0,1.8354166666666665,166.91666666666666,99.83333333333333,
2024-07-17,87.76666666666667,60.083333333333336,2143.0833333333335,59.22083333333333,42.583333333333336,75.66666666666667,0.6,0.0,1.4770833333333335,154.375,89.79166666666667,
2024-07-18,112.95833333333333,77.60416666666667,1949.875,61.53333333333333,47.15833333333333,93.95833333333333,1.2,0.0,1.3354166666666665,164.08333333333334,91.58333333333333,
2024-07-19,100.45,69.05416666666666,1824.9166666666667,54.92916666666667,41.31666666666667,96.66666666666667,0.9645833333333332,0.0,1.6375,170.70833333333334,103.20833333333333,
2024-07-20,102.88333333333333,70.58749999999999,1727.2083333333333,50.94166666666666,41.53333333333333,103.16666666666667,0.9425,0.0,1.7395833333333333,166.20833333333334,92.41666666666667,
2024-07-21,125.5625,86.04166666666667,1884.25,50.8375,46.82916666666667,113.54166666666667,1.3158333333333332,0.0,1.325,176.375,104.20833333333333,
2024-07-22,118.60833333333333,81.12083333333334,1853.5833333333333,57.7875,56.55833333333334,104.75,1.37375,0.0,1.2291666666666667,175.125,107.04166666666667,
2024-07-23,128.89166666666668,88.44166666666666,1984.2916666666667,52.775,62.916666666666664,113.875,1.4087500000000002,0.0,1.26875,179.25,109.375,
2024-07-24,116.24166666666667,79.90416666666667,1708.75,49.92083333333333,51.612500000000004,89.875,1.4000000000000001,0.0,1.20625,166.95833333333334,105.70833333333333,
2024-07-25,119.17916666666667,81.2375,1872.25,52.833333333333336,45.82916666666667,87.16666666666667,1.3529166666666665,0.0,1.2270833333333333,163.95833333333334,101.375,
2024-07-26,113.83333333333333,78.00416666666666,2033.0833333333333,56.40416666666667,46.4375,87.83333333333333,1.0166666666666666,0.25,1.5541666666666665,170.29166666666666,112.16666666666667,
2024-07-27,93.02083333333333,64.07916666666667,1958.7916666666667,58.475,45.14166666666667,94.83333333333333,0.7504166666666667,0.0,1.8270833333333334,164.04166666666666,92.08333333333333,
2024-07-28,116.82083333333333,80.35833333333333,2066.75,66.46666666666667,49.6,99.79166666666667,1.14875,0.125,1.4625000000000001,166.95833333333334,94.58333333333333,
2024-07-29,121.30833333333334,83.61666666666666,2094.625,57.987500000000004,43.81666666666666,102.70833333333333,1.01625,0.0,1.6145833333333333,177.58333333333334,112.45833333333333,
2024-07-30,102.16250000000001,70.52499999999999,1976.0416666666667,58.27916666666667,44.5,101.625,0.7391666666666666,0.0,1.8145833333333332,170.91666666666666,99.04166666666667,
2024-07-31,90.30416666666667,62.175000000000004,1961.4583333333333,54.7875,45.333333333333336,94.70833333333333,0.6570833333333334,0.0,1.9395833333333334,163.91666666666666,93.5,
2024-08-01,119.20833333333333,81.55416666666666,1988.2083333333333,58.166666666666664,54.39166666666667,103.0,1.0379166666666666,0.0,1.4145833333333335,164.375,91.70833333333333,
2024-08-02,128.10833333333332,88.47916666666667,1921.9166666666667,55.375,52.13333333333333,100.5,1.48375,0.0,1.0645833333333334,174.95833333333334,113.54166666666667,
2024-08-03,89.71249999999999,62.64166666666667,1501.4583333333333,49.40416666666667,41.324999999999996,89.54166666666667,0.9266666666666666,0.0,1.5291666666666668,165.83333333333334,99.66666666666667,
2024-08-04,103.92916666666667,72.54166666666667,2224.2083333333335,69.98333333333333,45.76666666666667,83.70833333333333,0.80875,0.0,1.7979166666666666,156.79166666666666,86.20833333333333,
2024-08-05,144.62916666666666,100.59166666666665,2908.5416666666665,81.14166666666667,63.9375,106.875,1.2558333333333334,0.0,1.3604166666666666,180.375,116.33333333333333,
2024-08-06,122.00416666666666,84.45833333333333,2657.75,68.53750000000001,51.4625,95.25,0.8520833333333333,0.0,1.8,176.0,115.41666666666667,
2024-08-07,121.91666666666667,83.87083333333334,2730.9166666666665,73.88333333333334,57.916666666666664,96.375,0.8191666666666667,0.0,1.6666666666666667,173.20833333333334,108.375,
2024-08-08,111.95,76.81666666666666,2355.7083333333335,62.21666666666667,47.09583333333333,82.91666666666667,0.7374999999999999,0.0,1.6083333333333334,164.83333333333334,102.75,
2024-08-09,99.075,67.8125,2185.4583333333335,57.104166666666664,44.06666666666666,86.45833333333333,0.5866666666666667,0.0,1.95625,164.58333333333334,100.91666666666667,
2024-08-10,100.89999999999999,69.14166666666667,2083.375,57.37916666666666,48.19583333333333,90.66666666666667,0.8466666666666667,0.0,1.6145833333333333,160.20833333333334,90.75,
2024-08-11,116.63333333333333,79.925,1692.9583333333333,52.824999999999996,56.25416666666667,122.79166666666667,1.1824999999999999,0.0,1.3895833333333334,171.875,97.79166666666667,
2024-08-12,129.53333333333333,88.5,1772.1666666666667,54.93333333333334,50.88333333333333,103.45833333333333,1.2058333333333333,0.0,1.1645833333333333,174.75,115.0,
2024-08-13,90.60000000000001,61.99166666666667,1624.375,52.175000000000004,41.225,100.0,0.5858333333333333,0.0,2.091666666666667,168.41666666666666,95.75,
2024-08-14,85.35000000000001,58.3125,1614.2916666666667,50.29583333333333,42.75416666666666,97.91666666666667,0.5804166666666667,0.0,1.9020833333333333,161.29166666666666,88.79166666666667,
2024-08-15,100.075,68.425,1768.4583333333333,53.375,47.27916666666667,104.75,0.855,0.0,1.70625,165.08333333333334,88.20833333333333,
2024-08-16,114.66250000000001,78.38333333333334,1896.875,50.416666666666664,51.333333333333336,115.0,1.0704166666666668,0.0,1.4208333333333334,174.41666666666666,101.75,
2024-08-17,77.02916666666667,51.98333333333333,1098.7916666666667,39.68333333333333,39.333333333333336,92.5,0.66125,0.0,2.1437500000000003,154.625,90.33333333333333,
2024-08-18,92.63333333333333,63.2875,1882.7916666666667,56.729166666666664,50.737500000000004,108.58333333333333,0.7512500000000001,0.0,1.8604166666666666,167.5,88.29166666666667,
2024-08-19,80.30833333333334,54.854166666666664,1607.0416666666667,55.712500000000006,47.25,104.08333333333333,0.6116666666666667,0.0,2.05625,166.08333333333334,85.83333333333333,
2024-08-20,83.96666666666667,57.699999999999996,1557.3333333333333,50.541666666666664,48.62916666666666,112.5,0.665,0.0,2.0437499999999997,168.58333333333334,85.875,
2024-08-21,82.85416666666667,56.59166666666667,1336.2083333333333,49.49583333333334,47.82916666666667,114.41666666666667,0.7654166666666667,0.0,1.7958333333333334,167.75,85.20833333333333,
2024-08-22,74.45,50.09583333333333,1015.875,37.541666666666664,36.30833333333333,99.5,0.6383333333333333,0.0,2.089583333333333,153.04166666666666,81.70833333333333,
2024-08-23,104.17916666666667,70.1375,1496.75,55.50833333333333,43.29583333333333,102.41666666666667,1.1529166666666668,0.0,1.8687500000000001,157.54166666666666,83.91666666666667,
2024-08-24,137.6625,94.37083333333334,1797.625,53.887499999999996,49.99583333333334,142.625,1.5599999999999998,0.0,1.5687499999999999,188.45833333333334,109.70833333333333,
2024-08-25,108.12083333333334,74.54583333333333,1615.8333333333333,45.425000000000004,44.1875,93.16666666666667,0.8179166666666666,0.0,1.8895833333333334,172.5,114.54166666666667,
2024-08-26,90.82916666666667,62.3125,1928.875,55.9,46.45416666666667,93.75,0.6254166666666666,0.0,1.866666666666667,160.79166666666666,88.20833333333333,
2024-08-27,113.22083333333335,77.8,1867.75,52.487500000000004,46.38333333333333,119.70833333333333,0.90625,0.0,1.8479166666666667,170.83333333333334,94.04166666666667,
2024-08-28,114.41666666666667,77.94583333333334,1434.5833333333333,40.775,46.93333333333334,123.16666666666667,0.9783333333333334,0.0,1.625,178.875,108.33333333333333,
2024-08-29,92.77499999999999,63.270833333333336,1352.875,47.49166666666667,44.46666666666667,80.20833333333333,0.7504166666666667,0.0,1.60625,154.70833333333334,91.20833333333333,
2024-08-30,111.75,76.62083333333334,1623.0833333333333,52.13333333333333,54.25,113.375,1.0395833333333333,0.0,1.3916666666666666,173.08333333333334,97.83333333333333,
2024-08-31,90.85416666666667,62.24166666666667,1550.5833333333333,46.449999999999996,43.53333333333333,125.91666666666667,0.8933333333333334,0.0,2.0166666666666666,181.95833333333334,97.54166666666667,
2024-09-01,88.8,60.39166666666667,1255.0833333333333,42.2875,40.06666666666667,113.70833333333333,1.0070833333333333,0.0,1.8604166666666666,167.29166666666666,85.83333333333333,
2024-09-02,106.28750000000001,72.92083333333333,1370.5833333333333,45.6875,44.487500000000004,112.45833333333333,1.11125,0.0,1.7583333333333335,168.20833333333334,90.5,
2024-09-03,127.09166666666665,87.67916666666667,1756.875,44.06666666666666,48.30416666666667,136.16666666666666,1.4962499999999999,0.0,1.5666666666666667,184.70833333333334,106.625,
2024-09-04,105.1875,72.10833333333333,1394.5,42.71666666666667,41.083333333333336,95.875,0.8954166666666666,0.0,2.0625,169.54166666666666,110.0,
2024-09-05,86.30416666666667,59.04583333333333,1418.375,47.30833333333334,40.43333333333333,94.875,0.7516666666666666,0.0,1.9312500000000001,162.16666666666666,89.25,
2024-09-06,70.5625,48.45416666666667,1439.0,44.17916666666667,34.550000000000004,77.83333333333333,0.6233333333333333,0.0,2.089583333333333,145.625,83.04166666666667,
2024-09-07,71.6875,49.13333333333333,1306.7083333333333,44.42916666666667,34.49166666666667,85.54166666666667,0.68125,0.0,2.25,136.79166666666666,78.66666666666667,
2024-09-08,77.45833333333333,53.30416666666667,1373.3333333333333,42.574999999999996,35.6875,84.33333333333333,0.58,0.0,1.9625000000000001,148.375,82.79166666666667,
2024-09-09,75.85,52.0375,1322.7916666666667,41.925000000000004,36.59166666666667,84.08333333333333,0.805,0.0,1.6666666666666667,138.08333333333334,78.95833333333333,
2024-09-10,92.54583333333333,63.74583333333334,1250.7083333333333,45.775,42.775000000000006,87.125,1.0879166666666666,0.0,1.0166666666666666,149.41666666666666,86.0,
2024-09-11,66.90833333333333,46.51666666666667,1424.1666666666667,50.11666666666667,36.1875,63.875,0.54,0.0,1.2125000000000001,141.95833333333334,83.58333333333333,
2024-09-12,108.43333333333334,74.96249999999999,1979.9583333333333,51.541666666666664,48.875,125.125,1.1320833333333333,0.0,1.6416666666666666,166.91666666666666,86.66666666666667,
2024-09-13,119.58333333333333,83.30416666666666,1972.7083333333333,57.3125,51.0375,129.625,1.0266666666666666,0.0,1.9208333333333334,179.95833333333334,103.25,
2024-09-14,135.01250000000002,93.62083333333334,2502.9166666666665,67.71666666666667,50.75833333333333,106.45833333333333,1.0904166666666668,0.0,1.7874999999999999,176.20833333333334,112.625,
2024-09-15,127.02916666666665,88.00833333333333,2218.2916666666665,61.27916666666667,45.90833333333333,112.54166666666667,1.0925,0.0,2.0375,180.75,114.75,
2024-09-16,114.3125,79.15833333333333,2108.0416666666665,58.074999999999996,49.225,105.5,1.0958333333333334,0.0,1.7750000000000001,175.25,106.33333333333333,
2024-09-17,110.3,76.4875,1803.9583333333333,45.48333333333333,42.43333333333333,125.20833333333333,1.00875,0.0,1.5666666666666667,179.58333333333334,102.08333333333333,
2024-09-18,85.27499999999999,58.958333333333336,1440.25,38.92916666666667,34.979166666666664,101.58333333333333,0.82,0.0,1.9791666666666667,162.95833333333334,92.66666666666667,
2024-09-19,90.9875,62.775,1214.5,36.28333333333333,35.170833333333334,116.125,0.795,0.0,2.0375,168.08333333333334,94.375,
2024-09-20,73.3,49.5,1088.4166666666667,38.80416666666667,35.270833333333336,102.125,0.6587500000000001,0.0,2.245833333333333,150.70833333333334,80.58333333333333,
2024-09-21,84.64166666666667,57.24583333333334,1206.7916666666667,39.5375,39.204166666666666,111.41666666666667,0.67625,0.0,2.1145833333333335,162.29166666666666,84.20833333333333,
2024-09-22,105.35833333333333,71.0625,1151.8333333333333,38.99583333333333,41.84583333333333,130.91666666666666,1.23,0.125,1.5020833333333332,171.25,87.875,
2024-09-23,112.32916666666667,76.6875,1220.0833333333333,43.54583333333333,43.62916666666666,99.29166666666667,1.59875,0.0,0.8687499999999999,164.54166666666666,104.83333333333333,
2024-09-24,116.41250000000001,80.52916666666667,1704.1666666666667,54.49583333333334,42.55416666666667,84.70833333333333,1.30125,0.0,1.0729166666666667,161.125,97.95833333333333,
2024-09-25,105.03750000000001,73.22500000000001,1576.875,49.38333333333333,42.800000000000004,120.83333333333333,1.2225,0.0,1.5770833333333334,177.875,102.5,
2024-09-26,91.19166666666666,63.72083333333333,1560.2916666666667,49.82916666666667,39.625,107.16666666666667,0.9895833333333334,0.0,1.65625,168.75,93.70833333333333,
2024-09-27,87.07916666666667,60.93333333333334,1901.5,54.75,40.43333333333333,98.58333333333333,0.66375,0.0,2.1750000000000003,166.16666666666666,88.375,
2024-09-28,91.9375,64.15416666666667,2136.9583333333335,56.479166666666664,38.3125,94.125,0.8233333333333334,0.0,2.0125,164.16666666666666,92.91666666666667,
2024-09-29,109.96249999999999,76.40416666666667,2118.7916666666665,57.10833333333333,42.25833333333333,99.41666666666667,1.0308333333333333,0.0,1.6354166666666667,167.54166666666666,95.16666666666667,
2024-09-30,96.28750000000001,66.80833333333334,2027.625,56.574999999999996,39.824999999999996,85.29166666666667,0.68125,0.0,2.14375,163.54166666666666,100.625,
2024-10-01,102.89999999999999,71.37916666666666,2478.2916666666665,66.1875,43.42083333333333,104.20833333333333,0.8004166666666667,0.0,2.027083333333333,167.95833333333334,90.95833333333333,
2024-10-02,101.05,70.03750000000001,2452.6666666666665,54.512499999999996,37.583333333333336,87.66666666666667,1.0529166666666667,0.0,1.7958333333333334,165.0,97.625,
2024-10-03,93.09583333333335,64.3875,1851.0416666666667,50.612500000000004,37.56666666666667,90.04166666666667,0.9320833333333334,0.0,1.5708333333333335,162.91666666666666,93.58333333333333,
2024-10-04,108.575,75.01666666666667,1918.75,52.20416666666667,38.979166666666664,99.375,1.1141666666666665,0.0,1.6020833333333335,164.95833333333334,94.83333333333333,
2024-10-05,123.91250000000001,85.8,1968.875,55.07916666666667,43.175000000000004,107.16666666666667,1.5562500000000001,0.0,1.2562499999999999,174.125,108.95833333333333,
2024-10-06,94.10416666666667,65.39583333333333,1739.875,50.38333333333333,40.625,105.0,1.0175,0.0,1.8187499999999999,167.75,93.0,
2024-10-07,92.8625,64.67083333333333,2236.5416666666665,58.020833333333336,41.05833333333333,93.33333333333333,0.62375,0.0,2.120833333333333,166.29166666666666,98.83333333333333,
2024-10-08,97.0625,66.77916666666667,2108.7916666666665,56.083333333333336,41.02916666666667,100.25,0.8104166666666667,0.0,2.064583333333333,165.70833333333334,91.75,
2024-10-09,109.19583333333333,75.28333333333333,1849.3333333333333,55.20416666666667,41.637499999999996,100.875,1.1545833333333333,0.0,1.7249999999999999,166.20833333333334,92.75,
2024-10-10,101.3875,70.1875,2101.875,53.541666666666664,38.15416666666667,92.125,0.9645833333333332,0.0,2.060416666666667,168.54166666666666,102.0,
2024-10-11,87.51666666666667,60.19583333333333,1674.1666666666667,49.5875,38.02916666666667,89.70833333333333,0.7979166666666666,0.0,1.9645833333333333,160.04166666666666,93.20833333333333,
2024-10-12,89.87083333333334,61.237500000000004,1618.25,50.800000000000004,38.887499999999996,75.66666666666667,0.9904166666666666,0.0,1.4916666666666665,152.75,88.20833333333333,
2024-10-13,83.92916666666666,57.5,1578.4166666666667,53.958333333333336,43.40416666666667,78.91666666666667,0.82375,0.3333333333333333,1.96875,149.70833333333334,84.20833333333333,
2024-10-14,140.875,96.3,2173.625,62.0875,55.125,126.0,1.6095833333333334,0.25,1.1104166666666666,175.0,101.20833333333333,
2024-10-15,128.92083333333332,89.78333333333335,1773.9583333333333,48.6625,44.34166666666667,129.58333333333334,1.5383333333333333,0.0,1.3687500000000001,186.41666666666666,116.16666666666667,
2024-10-16,120.14166666666667,83.49166666666666,2054.4166666666665,57.00416666666666,42.98333333333333,122.25,1.26125,0.0,1.6229166666666668,181.95833333333334,104.5,
2024-10-17,109.0125,75.62083333333334,2044.4166666666667,57.333333333333336,40.87083333333333,99.54166666666667,1.0779166666666666,0.0,1.7520833333333332,174.375,107.33333333333333,
2024-10-18,104.11666666666667,71.77083333333333,2016.4583333333333,54.53333333333333,46.025000000000006,128.41666666666666,0.85,0.0,2.064583333333333,184.25,100.04166666666667,
2024-10-19,112.37083333333334,77.13333333333334,2118.1666666666665,63.74583333333334,52.449999999999996,108.5,0.8266666666666667,0.0,1.95,174.70833333333334,101.66666666666667,
2024-10-20,61.895833333333336,42.666666666666664,1587.1666666666667,42.291666666666664,32.5375,45.166666666666664,0.375,0.0,2.7687500000000003,148.95833333333334,89.29166666666667,
2024-10-21,91.1875,62.47083333333333,1941.0833333333333,56.23333333333333,40.358333333333334,121.25,0.7712500000000001,0.0,2.1999999999999997,152.5,79.875,
2024-10-22,97.4875,67.28750000000001,1958.625,54.15,39.3375,107.45833333333333,0.9587500000000001,0.0,2.058333333333333,171.20833333333334,96.29166666666667,
2024-10-23,81.32916666666667,56.23333333333333,1139.0833333333333,36.93333333333333,36.05416666666667,108.08333333333333,1.0795833333333333,0.0,1.8104166666666668,157.5,86.54166666666667,
2024-10-24,93.90833333333335,64.97916666666667,1124.4166666666667,38.59583333333333,36.233333333333334,106.125,1.3570833333333334,0.0,1.325,160.45833333333334,87.45833333333333,
2024-10-25,89.84166666666665,62.275,1555.1666666666667,50.03333333333333,39.204166666666666,81.20833333333333,0.81,0.0,2.2291666666666665,156.54166666666666,92.20833333333333,
2024-10-26,77.70833333333333,53.84583333333333,2574.0833333333335,48.574999999999996,35.670833333333334,80.625,0.6979166666666666,0.0,2.7083333333333335,150.79166666666666,86.20833333333333,
2024-10-27,114.47500000000001,79.725,3095.9583333333335,49.225,45.975,127.66666666666667,1.31,0.0,1.51875,176.125,92.375,
2024-10-28,94.39999999999999,65.60416666666667,6105.958333333333,45.78333333333333,37.69166666666667,113.79166666666667,1.1383333333333334,0.25,1.73125,174.95833333333334,98.375,
2024-10-29,75.54583333333333,52.4,3615.1666666666665,45.01666666666667,32.704166666666666,91.45833333333333,0.9141666666666667,0.375,2.0625,160.95833333333334,87.29166666666667,
2024-10-30,98.22500000000001,68.16666666666667,3980.625,47.05833333333334,40.104166666666664,116.29166666666667,1.1579166666666667,0.25,1.6416666666666666,168.25,86.45833333333333,
2024-10-31,97.77916666666665,66.94583333333334,3741.7916666666665,50.395833333333336,36.71666666666667,93.83333333333333,0.9633333333333334,0.7083333333333334,1.7395833333333333,166.5,95.70833333333333,
2024-11-01,93.55416666666667,64.28333333333333,3879.1666666666665,50.12083333333334,40.387499999999996,88.91666666666667,0.9058333333333333,0.0,1.6583333333333332,162.5,97.375,
2024-11-02,100.40416666666665,69.78333333333333,4715.875,50.57083333333333,47.34166666666667,98.70833333333333,1.1054166666666667,0.0,1.2833333333333334,158.29166666666666,89.04166666666667,
2024-11-03,125.83749999999999,87.89583333333333,5349.958333333333,62.4375,60.708333333333336,94.0,1.2691666666666668,0.0,1.0374999999999999,169.29166666666666,104.04166666666667,
2024-11-04,127.47916666666667,89.09166666666665,4551.125,69.125,63.59583333333333,99.20833333333333,1.15625,0.0,1.4083333333333332,173.125,107.70833333333333,
2024-11-05,123.14166666666667,86.1125,5371.875,56.4625,54.050000000000004,122.875,1.3154166666666667,0.0,1.5979166666666667,183.58333333333334,118.04166666666667,
2024-11-06,58.57916666666667,40.75833333333333,5592.75,44.862500000000004,36.925000000000004,72.41666666666667,0.5650000000000001,0.0,1.7208333333333334,140.04166666666666,85.5,
2024-11-07,106.6125,73.175,3649.5833333333335,54.93333333333334,44.958333333333336,101.79166666666667,1.1183333333333334,0.0,1.6229166666666668,151.5,83.95833333333333,
2024-11-08,123.9375,86.25833333333333,5324.875,72.45833333333333,51.225,106.83333333333333,1.0266666666666666,0.0,1.7000000000000002,176.20833333333334,104.20833333333333,
2024-11-09,129.37916666666666,90.30416666666667,5547.291666666667,69.22083333333333,44.604166666666664,104.375,1.4379166666666665,0.0,1.4708333333333332,177.875,110.25,
2024-11-10,145.01250000000002,101.35833333333333,5985.583333333333,64.86666666666666,53.50833333333333,124.5,1.6283333333333332,0.0,0.9937499999999999,185.45833333333334,119.25,
2024-11-11,111.71249999999999,78.11666666666666,3779.8333333333335,53.354166666666664,49.55833333333334,124.20833333333333,1.6404166666666666,0.0,1.2791666666666666,181.08333333333334,113.0,
2024-11-12,78.30416666666666,61.09583333333333,3175.4583333333335,62.520833333333336,47.0625,70.79166666666667,0.9241666666666667,0.0,1.0583333333333333,154.25,90.91666666666667,
2024-11-13,92.49583333333334,92.27083333333333,4160.833333333333,78.75416666666666,49.44583333333333,78.5,0.8675,0.0,1.6916666666666667,165.83333333333334,108.625,
2024-11-14,119.44583333333333,119.05,3779.0,82.35416666666667,54.71666666666667,78.875,1.2408333333333335,0.0,1.4395833333333332,173.08333333333334,119.45833333333333,
2024-11-15,144.04583333333332,143.62083333333334,3633.5,86.72916666666667,56.8375,102.70833333333333,1.9225,0.0,0.9812500000000001,193.58333333333334,147.375,
2024-11-16,136.39583333333334,135.98749999999998,3902.0,92.7,63.37083333333334,89.04166666666667,1.9870833333333333,0.0,0.74375,196.41666666666666,155.04166666666666,
2024-11-17,102.17083333333333,101.9875,3018.875,85.95,52.9,60.833333333333336,1.1991666666666667,0.0,0.7666666666666666,184.08333333333334,136.45833333333334,
2024-11-18,50.64166666666667,50.6,3358.7083333333335,68.42916666666666,41.7875,59.291666666666664,0.6270833333333333,0.0,1.5875000000000001,156.91666666666666,95.91666666666667,
2024-11-19,65.3625,65.21249999999999,2498.7916666666665,75.80833333333334,51.1,43.833333333333336,0.7258333333333334,0.0,1.5229166666666665,145.91666666666666,83.91666666666667,
2024-11-20,61.22083333333333,61.1625,2853.8333333333335,80.09166666666667,56.69166666666666,54.0,0.8925000000000001,0.0,1.1895833333333334,155.91666666666666,93.16666666666667,
2024-11-21,65.99583333333334,65.85833333333333,3285.2083333333335,76.82916666666667,53.5625,43.333333333333336,0.6716666666666667,0.0,1.40625,150.29166666666666,85.625,
2024-11-22,75.6875,75.59166666666667,2989.75,77.625,55.74166666666667,44.416666666666664,0.7941666666666666,0.0,1.6187500000000001,163.08333333333334,104.5,
2024-11-23,55.166666666666664,54.80833333333334,4427.958333333333,57.520833333333336,41.69583333333333,25.083333333333332,0.6270833333333333,0.0,1.08125,149.20833333333334,87.0,
2024-11-24,73.95416666666667,73.62916666666668,3894.6666666666665,58.137499999999996,49.137499999999996,27.125,0.5812499999999999,0.0,1.3729166666666668,156.91666666666666,95.125,
2024-11-25,73.25,72.41666666666667,3737.75,52.32916666666667,45.75833333333333,19.583333333333332,0.5316666666666666,0.0,1.1208333333333333,158.20833333333334,96.95833333333333,
2024-11-26,87.08749999999999,86.4875,3575.2916666666665,65.60833333333333,50.42083333333333,60.5,0.6391666666666667,0.0,2.0125,162.33333333333334,103.25,
2024-11-27,83.97083333333333,82.69583333333334,2268.0,74.74166666666666,62.5,24.541666666666668,0.73375,0.0,1.2229166666666667,168.625,112.70833333333333,
2024-11-28,59.75,59.137499999999996,1925.8333333333333,46.43333333333334,44.145833333333336,22.208333333333332,0.4375,0.0,1.1333333333333333,153.25,89.875,
2024-11-29,62.15416666666667,61.34166666666667,1366.5416666666667,45.125,41.5625,21.25,0.39208333333333334,0.0,0.9500000000000001,156.33333333333334,93.95833333333333,
2024-11-30,49.65416666666667,48.775,1028.7083333333333,33.9125,34.237500000000004,31.833333333333332,0.3829166666666666,0.0,1.71875,139.83333333333334,81.375,
2024-12-01,43.14166666666667,42.35,1129.7916666666667,25.925,31.53333333333333,17.375,0.32208333333333333,0.0,1.4416666666666667,131.25,78.41666666666667,
2024-12-02,31.1875,30.791666666666668,1201.5416666666667,28.920833333333334,30.379166666666666,17.208333333333332,0.33958333333333335,0.0,1.3604166666666666,97.20833333333333,67.20833333333333,
2024-12-03,27.883333333333336,27.412499999999998,1013.0833333333334,29.604166666666668,26.837500000000002,18.958333333333332,0.20791666666666667,0.0,0.8541666666666666,85.29166666666667,62.833333333333336,
2024-12-04,30.387500000000003,29.8875,976.125,30.84583333333333,28.075,19.0,0.22458333333333333,0.0,1.1020833333333333,85.66666666666667,62.958333333333336,
2024-12-05,28.883333333333336,28.579166666666666,1100.0416666666667,28.72083333333333,32.69166666666667,23.416666666666668,0.21833333333333335,0.0,1.8875,83.58333333333333,62.333333333333336,
2024-12-06,54.987500000000004,54.37083333333334,3671.9583333333335,53.4,56.2875,19.541666666666668,0.26958333333333334,0.0,0.9104166666666668,93.0,65.54166666666667,
2024-12-07,69.30833333333334,68.6125,3863.3333333333335,67.1375,57.37083333333334,45.75,0.61,0.0,1.3979166666666665,160.16666666666666,99.91666666666667,
2024-12-08,58.708333333333336,58.50833333333333,2227.9583333333335,65.175,48.37916666666666,42.916666666666664,0.4870833333333333,0.0,1.5291666666666668,151.33333333333334,86.79166666666667,
2024-12-09,67.35000000000001,66.95,1455.625,62.775,64.29583333333333,16.5,0.38625,0.0,1.0875000000000001,152.91666666666666,88.66666666666667,
2024-12-10,25.3,24.608333333333334,829.0416666666666,26.02916666666667,25.520833333333332,21.791666666666668,0.15958333333333333,0.0,2.127083333333333,138.20833333333334,82.66666666666667,
2024-12-11,26.025000000000002,24.837500000000002,1181.5,25.837500000000002,28.116666666666664,31.166666666666668,0.21666666666666667,0.0,2.5416666666666665,65.125,39.583333333333336,
2024-12-12,19.841666666666665,18.179166666666667,850.3333333333334,20.233333333333334,20.695833333333333,31.25,0.22333333333333336,0.0,2.579166666666667,74.375,53.75,
2024-12-13,29.070833333333336,27.429166666666664,868.9583333333334,27.229166666666668,32.13333333333333,36.375,0.2783333333333333,0.0,1.7729166666666665,71.70833333333333,48.666666666666664,
2024-12-14,19.816666666666666,19.029166666666665,714.8333333333334,24.75,22.8,23.458333333333332,0.22041666666666668,0.0,1.5895833333333333,71.66666666666667,48.416666666666664,
2024-12-15,30.866666666666664,30.379166666666666,1339.9166666666667,31.599999999999998,36.079166666666666,24.708333333333332,0.30124999999999996,0.0,1.0291666666666666,78.70833333333333,56.5,
2024-12-16,35.25833333333333,34.67916666666667,1398.75,30.933333333333334,38.762499999999996,19.458333333333332,0.23791666666666667,0.0,1.23125,88.875,64.25,
2024-12-17,49.550000000000004,48.82916666666667,1392.7916666666667,42.145833333333336,55.800000000000004,26.791666666666668,0.3345833333333334,0.0,1.53125,115.83333333333333,73.375,
2024-12-18,33.17916666666667,32.516666666666666,763.0,23.883333333333336,29.079166666666666,17.916666666666668,0.18708333333333335,0.0,2.222916666666667,127.41666666666667,77.125,
2024-12-19,22.320833333333336,21.633333333333336,849.2916666666666,21.25,27.083333333333332,16.791666666666668,0.19999999999999998,0.0,1.4437499999999999,79.41666666666667,59.083333333333336,
2024-12-20,20.933333333333334,20.212500000000002,1050.7916666666667,24.462500000000002,31.1375,19.541666666666668,0.24666666666666667,0.0,1.28125,63.75,37.125,
2024-12-21,48.37083333333334,47.550000000000004,1811.4166666666667,39.85,46.28333333333333,36.083333333333336,0.27208333333333334,0.0,2.25625,79.45833333333333,56.0,
2024-12-22,76.74583333333334,76.12083333333334,2246.3333333333335,67.32083333333334,67.04166666666667,44.25,0.5704166666666667,0.0,1.6958333333333335,157.375,97.125,
2024-12-23,74.35833333333333,73.89166666666667,1841.625,68.03333333333333,68.75833333333334,23.958333333333332,0.5104166666666666,0.0,1.2520833333333334,161.20833333333334,101.375,
2024-12-24,44.7875,43.85833333333333,2611.0416666666665,37.625,48.73333333333333,10.708333333333334,0.25333333333333335,0.0,0.8145833333333333,142.375,84.04166666666667,
2024-12-25,65.24166666666666,64.74166666666666,2498.7916666666665,52.6625,62.125,21.416666666666668,0.43916666666666665,0.0,0.975,143.58333333333334,83.375,
2024-12-26,58.4,57.354166666666664,1926.5833333333333,45.0625,39.42916666666667,24.291666666666668,0.2608333333333333,0.0,1.2270833333333333,155.45833333333334,92.875,
2024-12-27,59.30833333333334,57.675000000000004,1794.9583333333333,37.395833333333336,39.958333333333336,31.291666666666668,0.29125,0.0,2.316666666666667,148.25,84.16666666666667,
2024-12-28,54.00416666666666,52.583333333333336,1259.125,33.708333333333336,34.88333333333333,29.291666666666668,0.22791666666666666,0.0,2.15625,149.0,84.75,
2024-12-29,64.08749999999999,62.2875,1226.5,44.46666666666667,45.81666666666666,34.0,0.3941666666666667,0.0,1.64375,143.70833333333334,83.0,
2024-12-30,28.679166666666664,28.1125,795.9583333333334,29.170833333333334,28.84583333333333,14.666666666666666,0.19583333333333333,0.0,0.9354166666666667,133.20833333333334,79.95833333333333,
2024-12-31,26.575,25.150000000000002,894.8333333333334,22.979166666666668,25.825,28.708333333333332,0.23208333333333334,0.0,2.129166666666667,71.58333333333333,48.5,
2025-01-01,33.225,32.65,1132.2916666666667,30.412499999999998,35.645833333333336,22.291666666666668,0.31958333333333333,0.0,1.3208333333333333,88.95833333333333,64.20833333333333,
2025-01-02,45.56666666666666,44.28333333333333,1208.3333333333333,32.34583333333333,40.458333333333336,32.583333333333336,0.32125,0.0,2.275,103.875,69.45833333333333,
2025-01-03,69.20833333333333,68.36666666666666,1709.4583333333333,46.645833333333336,56.479166666666664,31.291666666666668,0.45083333333333336,0.0,1.9020833333333333,147.625,86.75,
2025-01-04,54.10833333333333,53.22083333333333,1776.8333333333333,31.420833333333334,38.916666666666664,18.458333333333332,0.3175,0.0,1.90625,154.875,91.95833333333333,
2025-01-05,45.32916666666667,44.6,1158.8333333333333,28.008333333333336,33.675000000000004,23.208333333333332,0.32208333333333333,0.0,1.7145833333333333,116.95833333333333,73.875,
2025-01-06,57.82083333333333,56.6875,1131.5,37.2875,39.75416666666667,29.541666666666668,0.45541666666666664,0.0,1.7708333333333333,148.125,86.04166666666667,
2025-01-07,39.0375,38.604166666666664,948.3333333333334,28.395833333333332,35.833333333333336,21.916666666666668,0.4091666666666667,0.0,1.5458333333333334,123.875,76.0,
2025-01-08,50.02916666666667,49.75416666666666,2300.5,50.48333333333333,61.96666666666667,12.208333333333334,0.34,0.0,1.0270833333333333,100.125,68.20833333333333,
2025-01-09,60.67083333333333,60.416666666666664,3368.5,66.625,56.59166666666667,34.25,0.39625,0.0,1.3666666666666665,150.41666666666666,86.33333333333333,
2025-01-10,81.58749999999999,81.28333333333333,2077.1666666666665,68.71249999999999,61.69166666666666,65.04166666666667,0.5608333333333333,0.0,2.0770833333333334,160.58333333333334,100.45833333333333,
2025-01-11,53.24583333333334,53.025,1708.125,46.487500000000004,46.18333333333334,32.625,0.535,0.0,1.4749999999999999,155.625,93.0,
2025-01-12,28.825000000000003,28.224999999999998,1111.0,25.075,28.858333333333334,15.125,0.29833333333333334,0.0,1.5333333333333332,115.16666666666667,73.16666666666667,
2025-01-13,32.041666666666664,31.308333333333334,1047.2083333333333,22.90416666666667,29.020833333333332,20.625,0.2725,0.0,2.0875,84.33333333333333,62.458333333333336,
2025-01-14,38.583333333333336,38.1875,1595.5833333333333,31.05,39.5,9.958333333333334,0.27666666666666667,0.0,1.0,97.66666666666667,67.375,
2025-01-15,35.449999999999996,34.81666666666667,1525.875,31.3875,34.891666666666666,36.125,0.21416666666666664,0.0,2.3729166666666663,106.33333333333333,70.41666666666667,
2025-01-16,33.887499999999996,33.3125,1035.7083333333333,24.28333333333333,30.72083333333333,15.333333333333334,0.23916666666666667,0.0,1.4333333333333333,97.125,67.33333333333333,
2025-01-17,32.854166666666664,32.550000000000004,1350.875,34.90416666666667,43.65416666666667,29.625,0.31416666666666665,0.0,1.2479166666666666,89.83333333333333,64.54166666666667,
2025-01-18,27.34166666666667,26.900000000000002,1450.125,31.708333333333332,32.604166666666664,16.375,0.22541666666666668,0.0,1.21875,90.66666666666667,64.95833333333333,
2025-01-19,34.916666666666664,34.358333333333334,1599.5833333333333,33.05416666666667,40.82083333333333,35.041666666666664,0.38375,0.0,1.5791666666666666,90.16666666666667,64.75,
2025-01-20,44.3375,44.17083333333333,3947.2916666666665,53.20416666666667,54.175000000000004,36.833333333333336,0.3225,0.0,1.4083333333333332,93.45833333333333,65.79166666666667,
2025-01-21,61.46666666666667,60.958333333333336,2534.5,69.42083333333333,57.925000000000004,39.333333333333336,0.3729166666666666,0.0,1.1104166666666666,149.5,87.41666666666667,
2025-01-22,52.6,52.104166666666664,1899.4583333333333,55.520833333333336,59.42083333333333,30.416666666666668,0.25,0.0,1.4520833333333334,149.54166666666666,85.20833333333333,
2025-01-23,60.12916666666666,59.512499999999996,2031.2916666666667,51.975,56.479166666666664,44.416666666666664,0.4995833333333333,0.0,1.90625,143.66666666666666,82.79166666666667,
2025-01-24,59.025,58.28333333333333,2335.625,49.975,46.23333333333333,17.541666666666668,0.32416666666666666,0.0,1.5,153.0,89.0,
2025-01-25,57.55416666666667,56.60833333333333,2396.0833333333335,43.4125,46.92916666666667,23.625,0.42208333333333337,0.0,1.4895833333333333,152.08333333333334,87.66666666666667,
2025-01-26,34.050000000000004,33.608333333333334,1159.9583333333333,24.22083333333333,32.5875,16.583333333333332,0.3025,0.0,1.60625,122.66666666666667,75.625,
2025-01-27,36.083333333333336,35.3125,1451.4583333333333,25.45,35.1625,14.666666666666666,0.315,0.0,1.5895833333333333,96.29166666666667,66.95833333333333,
2025-01-28,36.92916666666667,36.516666666666666,1524.0416666666667,38.016666666666666,40.025,22.625,0.3958333333333333,0.0,1.1208333333333333,98.08333333333333,67.58333333333333,
2025-01-29,32.208333333333336,31.916666666666668,1826.7916666666667,49.354166666666664,42.17916666666667,41.541666666666664,0.3729166666666666,0.0,0.9791666666666666,96.58333333333333,67.08333333333333,
2025-01-30,34.512499999999996,33.62083333333333,1984.1666666666667,45.27916666666667,35.295833333333334,55.625,0.38375000000000004,0.0,1.7270833333333335,90.79166666666667,64.91666666666667,
2025-01-31,64.88333333333334,63.80833333333334,2324.125,62.36666666666667,51.925000000000004,63.375,0.5545833333333333,0.0,1.9958333333333333,131.625,78.79166666666667,
2025-02-01,59.050000000000004,58.03333333333333,2111.0,63.53333333333333,47.07916666666667,61.0,0.5566666666666666,0.0,2.0541666666666667,155.66666666666666,92.95833333333333,
2025-02-02,51.32916666666667,50.62083333333334,1990.2083333333333,61.125,42.8375,56.875,0.5941666666666666,0.0,1.6687500000000002,134.45833333333334,79.45833333333333,
2025-02-03,64.125,63.62916666666666,1619.125,68.21666666666667,51.39166666666667,58.125,0.6004166666666667,0.0,1.6500000000000001,148.58333333333334,85.625,
2025-02-04,42.46666666666666,42.025,1383.5833333333333,45.637499999999996,47.041666666666664,44.208333333333336,0.4466666666666667,0.0,1.4354166666666666,151.625,89.33333333333333,
2025-02-05,20.170833333333334,19.429166666666667,1563.625,28.0,29.912499999999998,44.875,0.30083333333333334,0.0,1.4416666666666667,77.20833333333333,51.458333333333336,
2025-02-06,37.104166666666664,36.733333333333334,2186.1666666666665,48.525,39.62083333333333,48.791666666666664,0.43124999999999997,0.0,1.1833333333333333,71.83333333333333,46.958333333333336,
2025-02-07,55.02916666666667,54.137499999999996,2018.125,62.80416666666667,52.475,54.958333333333336,0.6233333333333334,0.0,1.5916666666666668,135.16666666666666,79.66666666666667,
2025-02-08,59.48333333333333,59.050000000000004,2640.7083333333335,61.29583333333333,51.4625,50.708333333333336,0.6633333333333333,0.0,1.460416666666667,151.75,87.08333333333333,
2025-02-09,59.824999999999996,59.27916666666667,2401.0833333333335,60.77916666666667,46.958333333333336,42.583333333333336,0.6220833333333333,0.0,1.1312499999999999,150.45833333333334,85.375,
2025-02-10,50.199999999999996,49.791666666666664,2252.7083333333335,58.112500000000004,44.1625,48.625,0.6745833333333334,0.0,0.9854166666666666,149.375,84.91666666666667,
2025-02-11,82.14999999999999,81.39583333333333,2877.25,72.83333333333333,54.00416666666666,65.16666666666667,0.78625,0.20833333333333334,1.8395833333333333,151.58333333333334,89.91666666666667,
2025-02-12,86.97916666666667,86.14166666666667,3261.2916666666665,75.74583333333334,49.67916666666667,49.291666666666664,0.48541666666666666,1.0,2.2354166666666666,168.95833333333334,113.5,
2025-02-13,80.45,79.21666666666667,2600.4583333333335,68.7,52.42916666666667,30.583333333333332,0.48291666666666666,0.375,1.6541666666666668,162.33333333333334,103.125,
2025-02-14,56.65833333333333,55.74166666666667,1790.6666666666667,45.05416666666667,43.99583333333334,23.375,0.51625,0.375,1.1958333333333333,158.20833333333334,96.875,
2025-02-15,41.17916666666667,40.86666666666667,1288.0,39.49583333333333,43.54583333333333,27.208333333333332,0.4083333333333334,0.0,1.7458333333333333,118.16666666666667,74.20833333333333,
2025-02-16,45.15,44.84166666666667,1870.6666666666667,41.137499999999996,44.37083333333334,21.291666666666668,0.37833333333333335,0.0,1.5999999999999999,127.79166666666667,77.33333333333333,
2025-02-17,40.9125,40.358333333333334,1367.2083333333333,36.0875,40.583333333333336,15.458333333333334,0.3225,0.0,1.3083333333333333,106.54166666666667,70.41666666666667,
2025-02-18,47.06666666666666,46.45416666666667,1507.9583333333333,34.5875,42.525,24.666666666666668,0.3133333333333333,0.0,2.160416666666667,133.375,79.125,
2025-02-19,56.06666666666666,55.75,2463.3333333333335,47.4125,52.48333333333333,36.791666666666664,0.3979166666666667,0.0,1.7979166666666666,119.45833333333333,74.54166666666667,
2025-02-20,89.54166666666667,89.33749999999999,3134.0833333333335,75.7625,65.71666666666667,52.416666666666664,0.62125,0.0,1.8729166666666666,163.20833333333334,104.5,
2025-02-21,56.06666666666666,55.6625,1598.7916666666667,52.2125,50.62916666666667,24.541666666666668,0.3070833333333333,0.0,1.8875,159.04166666666666,98.125,
2025-02-22,36.07083333333333,35.67916666666667,1943.375,37.5,42.93333333333334,21.0,0.31375000000000003,0.0,1.3354166666666665,110.95833333333333,71.83333333333333,
2025-02-23,47.662499999999994,47.449999999999996,2625.5416666666665,51.57916666666667,48.27916666666667,28.166666666666668,0.4845833333333333,0.0,1.2020833333333334,104.66666666666667,69.91666666666667,
2025-02-24,60.387499999999996,60.30833333333334,3242.5833333333335,72.85833333333333,67.65833333333333,45.916666666666664,0.6158333333333333,0.0,1.8375000000000001,150.58333333333334,88.41666666666667,
2025-02-25,68.05833333333334,67.8,3512.25,77.97916666666667,66.33333333333333,30.625,0.5333333333333333,0.0,1.2979166666666668,152.95833333333334,88.875,
2025-02-26,55.824999999999996,55.71666666666667,4929.583333333333,71.78750000000001,59.55416666666667,33.0,0.7025,0.0,1.1604166666666667,153.04166666666666,88.91666666666667,
2025-02-27,67.45833333333333,67.34583333333333,4029.0,70.19166666666666,59.24166666666667,46.333333333333336,0.6729166666666666,0.0,1.6645833333333335,155.33333333333334,92.29166666666667,
2025-02-28,79.10000000000001,79.08749999999999,3915.875,77.36666666666666,67.23333333333333,60.583333333333336,0.9258333333333333,0.0,1.7249999999999999,157.66666666666666,96.16666666666667,
2025-03-01,93.55416666666667,93.55416666666667,4691.458333333333,84.00833333333334,62.11666666666667,73.58333333333333,1.0354166666666667,0.0,1.1520833333333333,166.75,109.83333333333333,
2025-03-02,96.16666666666667,96.10000000000001,3592.5416666666665,80.1125,54.38333333333333,95.29166666666667,0.9629166666666666,0.0,1.3166666666666667,174.83333333333334,121.70833333333333,
2025-03-03,79.94583333333334,79.91666666666667,3857.6666666666665,82.83749999999999,64.625,53.625,0.8424999999999999,0.0,0.8145833333333333,165.79166666666666,108.375,
2025-03-04,42.28333333333333,42.24166666666667,3438.9166666666665,66.79583333333333,48.458333333333336,47.958333333333336,0.6179166666666667,0.0,1.28125,136.79166666666666,82.875,
2025-03-05,67.17916666666666,66.92083333333333,3671.9166666666665,70.6375,44.8375,75.375,0.4679166666666667,0.0,2.49375,148.79166666666666,87.08333333333333,
2025-03-06,78.64583333333333,78.27083333333333,2987.2916666666665,67.175,47.25,50.666666666666664,0.715,0.0,1.48125,163.70833333333334,105.08333333333333,
2025-03-07,34.766666666666666,34.608333333333334,2697.2083333333335,47.2875,28.40416666666667,35.083333333333336,0.47875,0.0,2.2041666666666666,116.95833333333333,75.66666666666667,
2025-03-08,48.175000000000004,47.92083333333333,3459.0416666666665,67.55416666666666,41.958333333333336,34.333333333333336,0.66,0.0,1.2479166666666666,108.54166666666667,71.20833333333333,
2025-03-09,59.07083333333333,58.99166666666667,2998.3333333333335,82.37916666666668,52.699999999999996,59.916666666666664,0.7158333333333333,0.0,1.3916666666666666,146.66666666666666,83.75,
2025-03-10,64.75833333333334,64.66250000000001,3190.2083333333335,86.09166666666665,59.05416666666667,38.541666666666664,0.4675,0.0,1.2,154.66666666666666,91.54166666666667,
2025-03-11,74.35833333333333,74.02499999999999,4767.75,73.575,49.57916666666667,83.95833333333333,0.5258333333333334,0.0,2.245833333333333,163.5,100.79166666666667,
2025-03-12,54.487500000000004,54.29583333333333,3553.0416666666665,59.01666666666667,53.92083333333333,49.458333333333336,0.54625,0.0,1.7770833333333333,146.16666666666666,85.375,
2025-03-13,60.26666666666667,59.76666666666667,2629.6666666666665,48.07083333333333,48.92083333333333,24.583333333333332,0.3879166666666667,0.0,1.8041666666666665,152.70833333333334,88.91666666666667,
2025-03-14,44.44583333333333,43.64166666666667,1070.0416666666667,29.84583333333333,35.72083333333333,20.208333333333332,0.27208333333333334,0.0,2.189583333333333,139.95833333333334,81.66666666666667,
2025-03-15,38.69166666666667,38.1,1390.375,31.150000000000002,38.525,12.833333333333334,0.31124999999999997,0.0,1.4541666666666666,102.66666666666667,69.20833333333333,
2025-03-16,41.479166666666664,40.52916666666666,1477.0833333333333,34.512499999999996,37.90416666666667,15.333333333333334,0.21291666666666667,0.0,1.2104166666666667,108.45833333333333,71.04166666666667,
2025-03-17,37.016666666666666,36.608333333333334,1903.4583333333333,41.3125,46.73333333333333,23.0,0.39083333333333337,0.0,1.0416666666666667,114.20833333333333,73.0,
2025-03-18,48.7875,48.63333333333333,2407.5,62.458333333333336,52.5625,54.041666666666664,0.5416666666666666,0.0,1.5666666666666667,108.75,71.16666666666667,
2025-03-19,45.22083333333333,44.89166666666667,3073.75,58.17083333333333,48.8375,43.166666666666664,0.4345833333333333,0.0,2.1958333333333333,137.125,80.41666666666667,
2025-03-20,46.958333333333336,46.65833333333333,2513.0,56.4,56.770833333333336,44.5,0.3466666666666667,0.0,1.5229166666666665,126.70833333333333,77.0,
2025-03-21,57.15416666666667,57.00416666666666,2393.4166666666665,60.90416666666667,61.07083333333333,67.0,0.39125000000000004,0.0,2.372916666666667,138.75,80.83333333333333,
2025-03-22,51.30416666666667,50.94583333333333,1244.1666666666667,52.112500000000004,44.90833333333333,31.041666666666668,0.47875,0.0,1.1479166666666667,149.75,85.08333333333333,
2025-03-23,50.87083333333334,50.15,1452.75,48.387499999999996,46.25833333333333,32.208333333333336,0.43416666666666665,0.0,1.625,129.25,77.75,
2025-03-24,44.93333333333334,44.145833333333336,1377.0833333333333,46.708333333333336,42.67083333333333,43.833333333333336,0.4254166666666666,0.0,1.3020833333333333,129.91666666666666,78.0,
2025-03-25,43.55833333333334,42.92916666666667,1341.7083333333333,45.012499999999996,43.6875,45.291666666666664,0.2975,0.0,1.8875,105.5,70.20833333333333,
2025-03-26,80.42916666666666,79.70833333333333,3061.9583333333335,65.36666666666666,70.925,46.416666666666664,0.43166666666666664,0.0,1.8583333333333334,155.04166666666666,95.33333333333333,
2025-03-27,68.49166666666666,67.67916666666666,3440.4166666666665,53.3125,51.300000000000004,39.625,0.46208333333333335,0.0,1.7166666666666668,162.83333333333334,103.75,
2025-03-28,36.012499999999996,35.34583333333333,1254.6666666666667,35.75416666666667,38.03333333333333,18.0,0.28791666666666665,0.0,1.1624999999999999,119.79166666666667,75.54166666666667,
2025-03-29,31.162499999999998,30.099999999999998,960.75,27.491666666666664,30.2375,23.166666666666668,0.21666666666666667,0.0,1.7729166666666665,91.08333333333333,65.08333333333333,
2025-03-30,39.725,38.15,953.9166666666666,26.15416666666667,33.4,24.583333333333332,0.2520833333333333,0.0,2.2875,105.54166666666667,70.04166666666667,
2025-03-31,47.6875,46.708333333333336,1053.0833333333333,30.962500000000002,41.420833333333334,24.541666666666668,0.26208333333333333,0.0,2.245833333333333,106.33333333333333,70.45833333333333,
2025-04-01,50.62083333333334,49.88333333333333,1196.375,38.175000000000004,46.80833333333334,18.625,0.3183333333333333,0.0,1.325,143.625,82.33333333333333,
2025-04-02,47.975,47.300000000000004,1740.0416666666667,41.5,47.1625,17.833333333333332,0.3,0.0,1.7458333333333333,119.25,74.58333333333333,
2025-04-03,66.52916666666667,65.7625,2816.9166666666665,51.300000000000004,56.36666666666667,26.75,0.36916666666666664,0.0,1.8499999999999999,150.625,87.75,
2025-04-04,64.125,63.65,4991.041666666667,61.26666666666667,52.99166666666667,29.75,0.4970833333333333,0.0,1.4312500000000001,155.83333333333334,93.16666666666667,
2025-04-05,63.520833333333336,63.07916666666667,4474.0,63.34583333333333,56.625,22.333333333333332,0.555,0.0,1.3083333333333333,151.83333333333334,87.25,
2025-04-06,79.63333333333334,79.18333333333334,4096.291666666667,70.57083333333334,57.80833333333334,33.416666666666664,0.6124999999999999,0.0,1.5979166666666667,158.91666666666666,97.95833333333333,
2025-04-07,96.63333333333333,96.47083333333335,5187.25,90.48333333333333,57.62916666666666,88.08333333333333,0.6779166666666666,0.0,2.0541666666666667,169.16666666666666,104.08333333333333,
2025-04-08,114.34166666666665,114.05833333333334,3229.2083333333335,92.41666666666667,55.92916666666667,103.20833333333333,0.9716666666666667,0.0,1.3770833333333332,188.58333333333334,134.29166666666666,
2025-04-09,101.39166666666667,100.95,3827.5416666666665,76.55833333333334,47.39166666666666,80.29166666666667,0.71,0.0,1.8125,177.41666666666666,125.125,
2025-04-10,107.26666666666667,106.98333333333333,3469.0833333333335,83.60000000000001,57.0375,80.83333333333333,1.0675000000000001,0.0,1.4437499999999999,176.33333333333334,124.29166666666667,
2025-04-11,97.11666666666667,96.99166666666667,4217.291666666667,82.96249999999999,58.55416666666667,97.29166666666667,1.2979166666666666,0.0,1.26875,179.54166666666666,121.16666666666667,
2025-04-12,83.03750000000001,82.96249999999999,2914.8333333333335,90.76666666666667,60.354166666666664,62.125,1.0070833333333333,0.0,1.1270833333333334,164.79166666666666,106.79166666666667,
2025-04-13,55.37916666666666,55.34583333333333,3048.4583333333335,71.79583333333333,61.26666666666666,40.708333333333336,0.6887500000000001,0.0,1.01875,157.75,96.20833333333333,
2025-04-14,38.670833333333334,38.09583333333333,2629.5833333333335,34.483333333333334,34.574999999999996,28.333333333333332,0.24250000000000002,0.0,2.3020833333333335,125.58333333333333,76.54166666666667,
2025-04-15,67.01666666666667,66.47500000000001,5472.333333333333,55.395833333333336,53.97083333333333,22.208333333333332,0.5579166666666667,0.0,1.0625,141.16666666666666,83.25,
2025-04-16,71.71249999999999,71.35416666666667,4175.75,66.05416666666666,46.00833333333333,73.79166666666667,0.6766666666666667,0.0,1.3645833333333333,157.79166666666666,95.08333333333333,
2025-04-17,87.25416666666666,85.87916666666666,3348.75,83.27499999999999,60.050000000000004,41.5,0.7858333333333333,0.0,1.21875,162.125,102.79166666666667,
2025-04-18,78.92083333333333,78.67083333333333,2423.8333333333335,77.99166666666666,63.112500000000004,25.166666666666668,0.62875,0.0,1.03125,165.25,107.375,
2025-04-19,53.229166666666664,52.79583333333333,2732.2916666666665,58.51666666666667,49.59166666666667,39.458333333333336,0.45166666666666666,0.0,1.7791666666666668,156.33333333333334,94.20833333333333,
2025-04-20,48.06666666666666,47.44166666666666,2323.3333333333335,50.1625,44.050000000000004,29.458333333333332,0.45916666666666667,0.0,1.8979166666666665,118.875,74.41666666666667,
2025-04-21,67.30416666666666,66.64999999999999,2713.9166666666665,65.63333333333334,53.09166666666667,23.416666666666668,0.5195833333333334,0.0,1.1666666666666667,151.83333333333334,89.70833333333333,
2025-04-22,58.916666666666664,58.50833333333333,2387.375,54.862500000000004,40.858333333333334,41.833333333333336,0.35125,0.0,2.06875,150.91666666666666,86.375,
2025-04-23,57.52916666666667,56.5625,1895.0,46.76666666666667,39.85,31.125,0.3425,0.0,1.8229166666666667,155.75,92.95833333333333,
2025-04-24,45.42916666666667,44.5625,1932.2083333333333,45.145833333333336,37.35,24.833333333333332,0.3620833333333333,0.0,1.5541666666666665,121.75,75.41666666666667,
2025-04-25,59.46666666666667,58.887499999999996,2675.7083333333335,68.72916666666667,51.24583333333334,25.791666666666668,0.49416666666666664,0.0,1.3333333333333333,142.0,82.04166666666667,
2025-04-26,56.0625,55.85833333333333,3533.25,62.5375,45.15833333333333,64.25,0.78125,0.0,1.2083333333333333,148.375,84.29166666666667,
2025-04-27,74.75,74.45833333333333,3206.4166666666665,64.5625,44.65416666666667,81.58333333333333,0.8779166666666667,0.0,1.2270833333333333,157.58333333333334,93.875,
2025-04-28,89.3875,88.60000000000001,2037.4166666666667,80.55,50.05416666666667,89.20833333333333,0.7179166666666666,0.0,1.8145833333333334,167.54166666666666,102.125,
2025-04-29,91.25833333333333,90.875,2270.25,67.55,54.425000000000004,116.04166666666667,1.3216666666666665,0.0,1.0770833333333334,178.33333333333334,115.70833333333333,
2025-04-30,95.91666666666667,95.17083333333333,2877.125,79.90416666666667,46.59583333333333,79.0,0.7783333333333333,0.0,1.71875,168.0,111.625,
2025-05-01,120.15833333333335,119.61666666666667,2103.0833333333335,92.38333333333333,68.47083333333333,114.79166666666667,1.1975,0.0,1.3583333333333334,187.875,129.25,
2025-05-02,113.59166666666665,113.16666666666667,1580.375,84.46249999999999,79.575,117.54166666666667,1.2454166666666666,0.0,1.0666666666666667,189.625,130.25,
2025-05-03,75.52083333333333,75.23333333333333,1638.9583333333333,73.21249999999999,50.25833333333333,74.54166666666667,0.7345833333333333,0.0,1.66875,175.29166666666666,122.91666666666667,
2025-05-04,48.708333333333336,48.583333333333336,2059.4166666666665,65.25,38.30833333333333,60.166666666666664,0.585,0.0,1.0104166666666667,126.75,78.25,
2025-05-05,86.3875,86.32083333333333,2652.375,83.14999999999999,52.074999999999996,76.54166666666667,0.655,0.0,1.7166666666666668,160.04166666666666,99.20833333333333,
2025-05-06,95.61666666666667,95.58749999999999,3931.625,83.0125,58.86666666666667,109.54166666666667,0.8095833333333333,0.0,1.6208333333333333,181.20833333333334,114.04166666666667,
2025-05-07,89.05833333333334,88.92083333333333,3995.8333333333335,84.3125,53.67916666666667,94.0,0.8645833333333334,0.0,1.3854166666666667,174.66666666666666,113.58333333333333,
2025-05-08,92.11666666666667,92.0,3213.125,81.6125,54.4625,81.04166666666667,0.9187500000000001,0.0,1.175,169.875,114.25,
2025-05-09,81.47916666666667,81.41250000000001,2626.4166666666665,76.175,60.63333333333333,78.0,0.6791666666666667,0.0,1.6708333333333334,165.45833333333334,104.83333333333333,
2025-05-10,88.17916666666667,88.00833333333333,2846.0833333333335,78.32083333333334,57.98333333333333,94.95833333333333,0.9591666666666666,0.0,1.2895833333333333,176.29166666666666,112.79166666666667,
2025-05-11,50.862500000000004,50.32916666666667,2643.4583333333335,56.104166666666664,45.24166666666667,48.958333333333336,0.5220833333333333,0.0,1.5354166666666667,153.08333333333334,91.54166666666667,
2025-05-12,55.62083333333334,54.94583333333333,1581.6666666666667,47.5875,47.19583333333333,25.791666666666668,0.45625,0.0,1.58125,133.08333333333334,78.83333333333333,
2025-05-13,57.487500000000004,57.208333333333336,2420.9583333333335,59.49166666666667,50.37916666666666,30.791666666666668,0.5458333333333333,0.0,1.5354166666666667,154.04166666666666,90.625,
2025-05-14,63.26666666666667,63.208333333333336,2992.2916666666665,76.99166666666666,52.916666666666664,69.54166666666667,0.5079166666666667,0.0,1.3541666666666667,148.29166666666666,84.75,
2025-05-15,71.18333333333334,71.17916666666666,3232.0833333333335,74.59583333333333,52.175000000000004,93.33333333333333,0.6366666666666666,0.0,1.5416666666666667,164.33333333333334,96.45833333333333,
2025-05-16,64.92083333333333,64.8125,3854.3333333333335,71.2375,52.4,55.333333333333336,0.6725,0.0,1.2666666666666666,156.875,94.83333333333333,
2025-05-17,56.112500000000004,55.699999999999996,3668.6666666666665,54.70416666666667,43.52916666666667,36.5,0.49374999999999997,0.0,1.40625,146.66666666666666,84.54166666666667,
2025-05-18,76.86666666666666,76.21666666666667,2865.3333333333335,71.57916666666667,52.42916666666667,41.583333333333336,0.4579166666666667,0.375,1.5604166666666668,155.5,92.58333333333333,
2025-05-19,67.6125,66.64999999999999,1987.2083333333333,64.39583333333333,52.96666666666667,39.75,0.40041666666666664,0.0,1.5291666666666668,159.75,99.33333333333333,
2025-05-20,73.54583333333333,72.97500000000001,1502.5,66.71666666666667,49.13333333333333,77.625,0.6925,0.0,1.4562499999999998,158.625,91.54166666666667,
2025-05-21,76.05,75.84166666666667,2664.4166666666665,85.58749999999999,52.354166666666664,30.291666666666668,0.9070833333333334,0.0,0.4354166666666666,163.41666666666666,104.625,
2025-05-22,72.27916666666667,72.10000000000001,3407.875,92.25,56.12916666666666,21.0,0.5833333333333334,0.0,0.4375,157.125,95.16666666666667,
2025-05-23,55.65833333333333,54.958333333333336,6181.041666666667,71.29166666666667,60.51666666666667,9.625,0.3520833333333333,0.0,0.37916666666666665,156.33333333333334,94.0,
2025-05-24,44.8125,44.12083333333334,3361.125,45.15,51.86666666666667,36.791666666666664,0.3229166666666667,0.0,1.5999999999999999,125.79166666666667,76.54166666666667,
2025-05-25,52.06666666666667,51.645833333333336,3697.9583333333335,59.083333333333336,59.85833333333333,21.125,0.37375,0.0,1.0645833333333334,127.16666666666667,76.95833333333333,
2025-05-26,50.0875,49.895833333333336,2518.2916666666665,61.92083333333333,65.58333333333333,22.583333333333332,0.44625000000000004,0.0,0.9604166666666667,149.625,85.45833333333333,
2025-05-27,33.90416666666667,32.324999999999996,1752.5416666666667,33.854166666666664,32.604166666666664,28.583333333333332,0.21125000000000002,0.4166666666666667,1.9166666666666667,104.5,69.66666666666667,
2025-05-28,71.80833333333334,70.59166666666667,3229.4166666666665,64.87083333333334,50.56666666666666,36.875,0.44416666666666665,0.625,1.8125,128.41666666666666,78.08333333333333,
2025-05-29,97.52083333333333,96.6875,3590.7083333333335,74.92916666666666,55.1,97.54166666666667,1.0175,1.0,1.0229166666666667,176.91666666666666,115.45833333333333,
2025-05-30,99.66250000000001,98.87083333333334,5904.083333333333,80.625,52.7875,93.08333333333333,0.7400000000000001,0.7083333333333334,1.4479166666666667,174.125,107.41666666666667,
2025-05-31,117.32916666666667,116.57916666666667,4123.166666666667,74.92916666666666,57.31666666666666,96.79166666666667,0.96,1.25,1.3625,191.45833333333334,141.04166666666666,
2025-06-01,105.41250000000001,102.72500000000001,4934.0,90.80416666666667,67.45416666666667,42.333333333333336,0.6966666666666667,3.8333333333333335,1.0916666666666666,170.95833333333334,116.08333333333333,
2025-06-02,111.85000000000001,110.27083333333333,3248.75,78.14999999999999,55.225,87.5,0.9258333333333333,2.25,1.3270833333333332,184.375,133.04166666666666,
2025-06-03,87.27499999999999,86.98333333333333,1864.4583333333333,72.1125,50.025,82.29166666666667,0.6829166666666667,0.25,1.4875,170.45833333333334,113.79166666666667,
2025-06-04,112.25833333333333,111.99166666666667,4051.625,88.7,56.175000000000004,94.04166666666667,0.6974999999999999,0.0,1.6479166666666665,179.29166666666666,123.375,
2025-06-05,115.55833333333334,115.45833333333333,4764.416666666667,91.09583333333335,58.675000000000004,108.66666666666667,0.8541666666666666,0.0,1.575,186.66666666666666,122.875,
2025-06-06,101.12083333333334,101.01666666666667,3654.1666666666665,76.54166666666667,52.137499999999996,92.5,1.2016666666666667,0.0,1.2166666666666666,186.91666666666666,139.375,
2025-06-07,98.68333333333334,98.325,4431.083333333333,74.91250000000001,58.012499999999996,75.79166666666667,0.9166666666666666,0.0,1.2770833333333333,168.33333333333334,111.54166666666667,
2025-06-08,96.25,95.17916666666667,3155.9583333333335,77.82916666666667,53.987500000000004,88.20833333333333,0.6620833333333334,0.0,1.60625,175.625,114.70833333333333,
2025-06-09,123.15416666666665,122.64999999999999,4368.458333333333,78.59583333333333,59.2875,103.04166666666667,1.2295833333333335,0.0,1.175,184.0,127.54166666666667,
2025-06-10,126.6875,125.95,3409.3333333333335,86.28333333333335,61.395833333333336,81.75,1.2025,0.0,1.3395833333333333,190.875,146.54166666666666,
2025-06-11,86.125,85.9375,3023.5833333333335,70.72500000000001,50.67916666666667,87.58333333333333,0.87875,0.0,1.2375,179.83333333333334,124.79166666666667,
2025-06-12,83.26666666666667,83.2375,2794.7916666666665,66.7625,45.30416666666667,84.33333333333333,0.5716666666666667,0.0,1.5999999999999999,167.29166666666666,105.08333333333333,
2025-06-13,95.22083333333335,94.95,1930.5,68.90416666666667,44.07083333333333,84.875,0.6525,0.0,1.6520833333333333,170.79166666666666,112.91666666666667,
2025-06-14,81.3125,80.9375,1644.2083333333333,66.67083333333333,44.25416666666666,59.041666666666664,0.5358333333333333,0.0,1.3958333333333333,165.75,108.41666666666667,
2025-06-15,79.03750000000001,78.73333333333333,1442.4583333333333,65.20416666666667,43.145833333333336,50.333333333333336,0.3695833333333333,0.0,1.55,162.29166666666666,103.0,
2025-06-16,83.06666666666666,82.89166666666667,1246.0833333333333,66.925,47.00833333333333,74.29166666666667,0.4395833333333334,0.0,1.6541666666666668,165.58333333333334,108.20833333333333,
2025-06-17,92.69166666666666,92.42083333333333,1524.25,67.47500000000001,49.50416666666666,80.875,0.8466666666666667,0.0,1.1395833333333332,168.95833333333334,113.20833333333333,
2025-06-18,47.300000000000004,47.23333333333333,2531.9583333333335,61.145833333333336,45.31666666666666,51.0,0.66625,0.0,0.5041666666666667,142.25,86.29166666666667,
2025-06-19,68.09583333333333,67.91666666666667,3693.25,80.58333333333333,57.21666666666667,20.875,0.4770833333333333,0.0,0.55,151.29166666666666,89.79166666666667,
2025-06-20,53.487500000000004,53.27916666666667,2129.625,70.30416666666666,51.770833333333336,69.08333333333333,0.6970833333333334,0.0,1.0979166666666667,149.75,86.0,
2025-06-21,78.64999999999999,78.46249999999999,2948.6666666666665,73.53750000000001,49.333333333333336,70.08333333333333,0.9970833333333333,0.0,1.0083333333333333,152.83333333333334,89.29166666666667,
2025-06-22,74.00833333333334,73.89166666666667,4012.7083333333335,64.08749999999999,43.02916666666667,65.5,0.8216666666666667,0.0,1.3104166666666666,167.45833333333334,110.91666666666667,
2025-06-23,75.17916666666666,74.825,2840.3333333333335,59.4375,49.85833333333333,86.54166666666667,0.7266666666666667,0.0,1.2229166666666667,155.125,91.91666666666667,
2025-06-24,105.10833333333333,104.82083333333333,3924.5,76.91250000000001,49.34583333333333,74.0,0.7104166666666667,0.0,1.4041666666666668,170.20833333333334,115.04166666666667,
2025-06-25,100.41250000000001,100.35416666666667,3986.8333333333335,76.75833333333334,52.27916666666667,78.75,0.7845833333333333,0.0,1.25625,176.625,123.875,
2025-06-26,91.80416666666667,91.175,3715.1666666666665,75.64166666666667,51.86666666666667,77.83333333333333,0.7516666666666666,0.0,1.6354166666666667,168.58333333333334,109.875,
2025-06-27,135.97083333333333,135.45833333333334,3084.5,106.4375,70.84583333333333,80.875,1.0825,0.0,1.2645833333333332,184.58333333333334,137.08333333333334,
2025-06-28,110.06666666666666,109.56666666666666,3189.7916666666665,93.45833333333333,63.975,68.5,1.1116666666666666,0.0,0.875,188.375,142.66666666666666,
2025-06-29,86.14583333333333,86.03333333333335,4047.25,85.05,60.5625,48.791666666666664,0.6295833333333333,0.0,1.1770833333333333,165.45833333333334,107.83333333333333,
2025-06-30,58.645833333333336,58.362500000000004,2567.9166666666665,50.487500000000004,38.483333333333334,63.0,0.3675,0.0,1.6708333333333334,163.95833333333334,105.54166666666667,
2025-07-01,63.199999999999996,62.612500000000004,2884.6666666666665,59.49166666666667,41.225,43.958333333333336,0.42583333333333334,0.0,1.3875,137.29166666666666,80.54166666666667,
2025-07-02,85.4375,85.05416666666666,3687.875,67.82916666666667,47.82916666666667,67.29166666666667,0.63125,0.0,1.5520833333333333,164.79166666666666,106.875,
2025-07-03,57.300000000000004,57.26666666666667,3230.3333333333335,68.64999999999999,40.550000000000004,63.583333333333336,0.5895833333333333,0.0,1.4875,155.33333333333334,92.45833333333333,
2025-07-04,80.5625,80.27499999999999,3780.0,74.175,46.762499999999996,70.41666666666667,0.6020833333333333,0.0,1.5083333333333335,154.16666666666666,90.29166666666667,
2025-07-05,81.33749999999999,81.04166666666667,2054.2083333333335,71.47083333333333,48.862500000000004,57.708333333333336,0.8829166666666667,0.0,1.0291666666666666,171.125,116.58333333333333,
2025-07-06,66.76666666666667,66.63333333333334,3027.0833333333335,71.44166666666666,48.93333333333334,63.041666666666664,0.56125,0.0,1.4479166666666667,153.45833333333334,89.875,
2025-07-07,58.77916666666667,58.75,3190.75,69.0125,45.69583333333333,72.20833333333333,0.5083333333333333,0.0,1.3958333333333333,155.79166666666666,92.95833333333333,
2025-07-08,77.22916666666667,77.16666666666667,2813.375,69.15833333333333,45.87083333333334,66.58333333333333,0.4795833333333333,0.0,1.8187499999999999,153.75,90.125,
2025-07-09,88.37083333333334,88.30416666666667,2960.7916666666665,78.17083333333333,54.78333333333333,86.79166666666667,0.8541666666666666,0.0,1.3812499999999999,171.29166666666666,110.08333333333333,
2025-07-10,87.97916666666667,87.48333333333333,2353.875,81.76666666666667,54.31666666666666,76.04166666666667,0.8112499999999999,0.0,1.3791666666666667,167.0,109.04166666666667,
2025-07-11,102.46249999999999,102.10000000000001,2231.4166666666665,84.8875,53.26666666666667,86.20833333333333,1.08625,0.0,1.25,174.5,114.79166666666667,
2025-07-12,117.52916666666665,116.95,1990.5416666666667,81.06666666666666,57.875,105.33333333333333,0.8345833333333333,0.0,1.5291666666666668,187.41666666666666,132.58333333333334,
2025-07-13,100.8625,100.18333333333334,1856.3333333333333,79.84583333333333,52.975,78.25,0.7062499999999999,0.0,1.5104166666666667,177.66666666666666,126.54166666666667,
2025-07-14,98.55416666666667,98.16250000000001,2639.0416666666665,94.5625,60.449999999999996,36.208333333333336,0.9470833333333334,0.0,0.725,171.29166666666666,116.625,
2025-07-15,98.59166666666665,97.8125,3252.0416666666665,88.62083333333334,60.025,55.5,1.1504166666666666,0.0,1.3541666666666667,170.66666666666666,116.0,
2025-07-16,111.9375,111.3,3633.0,82.1375,58.52916666666667,107.79166666666667,1.2841666666666667,0.0,1.0291666666666666,187.08333333333334,127.70833333333333,
2025-07-17,106.14999999999999,105.73333333333333,3014.875,86.375,60.49583333333334,89.91666666666667,1.1866666666666668,0.0,0.8604166666666666,179.0,122.20833333333333,
2025-07-18,118.30833333333334,118.02083333333333,2504.875,98.70833333333333,72.27916666666667,86.79166666666667,1.1429166666666666,0.0,0.93125,184.45833333333334,135.58333333333334,
2025-07-19,100.22916666666667,99.6375,2430.75,90.73333333333333,58.82916666666667,80.66666666666667,0.6708333333333334,0.0,1.9604166666666665,179.08333333333334,126.58333333333333,
2025-07-20,100.02916666666665,99.49166666666667,1651.875,84.65416666666667,57.824999999999996,88.75,0.9454166666666667,0.0,1.3604166666666666,174.79166666666666,118.83333333333333,
2025-07-21,99.78333333333335,99.07916666666667,1827.4583333333333,86.66666666666667,51.824999999999996,79.75,0.785,0.0,1.6520833333333333,173.41666666666666,119.83333333333333,
2025-07-22,106.04166666666667,105.43333333333334,1829.1666666666667,86.01666666666667,52.19583333333333,87.04166666666667,0.6537499999999999,0.0,1.8625,178.25,122.75,
2025-07-23,95.97083333333335,95.46666666666665,1761.125,83.47916666666667,49.30833333333334,78.16666666666667,0.5066666666666667,0.0,2.0125,174.33333333333334,121.41666666666667,
2025-07-24,97.00833333333333,96.76666666666667,1926.6666666666667,81.40416666666667,53.05833333333334,91.375,0.6670833333333334,0.0,1.8062500000000001,175.29166666666666,114.875,
2025-07-25,100.72916666666667,100.35000000000001,1537.5833333333333,79.65416666666667,48.550000000000004,80.54166666666667,0.6270833333333333,0.0,1.7395833333333333,174.58333333333334,120.0,
2025-07-26,110.78750000000001,110.06666666666666,1481.1666666666667,75.54166666666667,48.354166666666664,84.75,0.6633333333333333,0.25,1.7750000000000001,178.66666666666666,125.0,
2025-07-27,110.41250000000001,109.8,2024.0,78.8625,55.6,103.625,1.0479166666666666,0.25,1.5020833333333332,185.54166666666666,128.0,
2025-07-28,89.18333333333334,88.67083333333333,2970.4583333333335,73.87083333333334,50.65833333333333,86.875,1.13875,0.0,1.34375,175.625,118.04166666666667,
2025-07-29,65.05416666666666,64.61666666666666,2274.3333333333335,60.22083333333333,38.0875,59.0,0.6529166666666667,0.0,1.6624999999999999,160.95833333333334,101.20833333333333,
2025-07-30,65.6375,64.8875,2069.5,56.84583333333333,39.675000000000004,76.25,0.79,0.125,1.5625,154.95833333333334,89.33333333333333,
2025-07-31,62.44583333333333,61.833333333333336,1727.8333333333333,62.4625,42.6625,72.04166666666667,0.6079166666666667,0.0,1.741666666666667,154.375,91.04166666666667,
2025-08-01,85.8875,85.30416666666666,1310.8333333333333,67.80833333333334,43.5,81.91666666666667,0.50375,0.25,1.95625,164.45833333333334,103.41666666666667,
2025-08-02,86.29166666666667,85.79166666666667,1480.2916666666667,63.65833333333333,43.59583333333333,91.20833333333333,0.4275,0.0,2.125,170.5,108.33333333333333,
2025-08-03,93.57916666666667,93.28333333333335,1786.2916666666667,75.25,50.25,77.0,0.5766666666666667,0.0,1.5687499999999999,166.29166666666666,109.16666666666667,
2025-08-04,97.425,97.3,2478.9583333333335,73.075,52.49583333333334,99.70833333333333,0.8966666666666666,0.0,1.6708333333333334,178.125,116.29166666666667,
2025-08-05,102.7,102.59583333333335,2993.8333333333335,80.85000000000001,51.395833333333336,85.04166666666667,0.9341666666666667,0.0,1.3833333333333335,175.625,120.20833333333333,
2025-08-06,111.075,110.93333333333334,2000.75,86.0625,51.89166666666667,110.375,0.76625,0.0,1.79375,188.08333333333334,122.20833333333333,
2025-08-07,115.0125,114.125,2005.8333333333333,85.25833333333334,47.20416666666667,85.66666666666667,0.9679166666666666,1.0,1.5229166666666665,183.04166666666666,132.45833333333334,
2025-08-08,108.77499999999999,107.925,1650.9583333333333,83.00833333333334,50.041666666666664,83.5,1.0670833333333334,0.75,1.4208333333333334,182.625,130.79166666666666,
2025-08-09,71.17916666666666,70.87916666666666,1809.5416666666667,63.125,45.68333333333334,97.16666666666667,1.1191666666666666,0.0,1.4458333333333335,170.41666666666666,107.375,
2025-08-10,77.05416666666666,76.7375,2322.5416666666665,65.20833333333333,42.170833333333334,92.375,0.8820833333333334,0.0,1.71875,163.33333333333334,95.375,
2025-08-11,93.55,93.3,2370.875,71.55,51.762499999999996,100.08333333333333,1.2070833333333333,0.0,1.3104166666666666,175.45833333333334,115.20833333333333,
2025-08-12,84.03333333333333,83.93333333333334,3523.4583333333335,83.39166666666667,52.375,62.541666666666664,1.01125,0.0,0.9458333333333333,163.75,105.20833333333333,
2025-08-13,83.19166666666666,82.90416666666667,3247.75,73.14583333333333,47.71666666666667,77.25,0.8679166666666668,0.0,1.4666666666666668,169.33333333333334,113.79166666666667,
2025-08-14,81.51666666666667,81.19166666666666,3369.1666666666665,71.39999999999999,50.15416666666667,83.83333333333333,0.82875,0.0,0.9104166666666668,161.25,100.91666666666667,
2025-08-15,90.71249999999999,89.74166666666667,4132.458333333333,73.26666666666667,47.52916666666667,91.75,0.5966666666666667,0.0,2.129166666666667,171.54166666666666,105.79166666666667,
2025-08-16,89.61666666666667,88.59166666666665,2499.8333333333335,65.6125,42.358333333333334,83.125,0.5545833333333333,0.0,2.1458333333333335,174.79166666666666,119.54166666666667,
2025-08-17,76.09166666666667,75.31666666666666,1356.8333333333333,55.90833333333333,38.958333333333336,85.0,0.47458333333333336,0.0,2.064583333333333,162.08333333333334,102.83333333333333,
2025-08-18,72.35416666666667,71.625,1450.1666666666667,56.979166666666664,39.270833333333336,66.95833333333333,0.4370833333333333,0.0,1.6208333333333333,160.5,100.375,
2025-08-19,82.77916666666667,82.25416666666666,3388.75,75.08333333333333,53.30833333333334,33.375,0.5266666666666667,0.0,0.7333333333333334,159.5,98.79166666666667,
2025-08-20,95.67083333333333,95.46249999999999,3924.4166666666665,80.60000000000001,52.75,71.375,0.6033333333333334,0.0,1.3958333333333333,167.625,111.20833333333333,
2025-08-21,73.33333333333333,72.53750000000001,2593.125,75.225,48.270833333333336,34.25,0.3958333333333333,0.0,1.51875,162.125,102.83333333333333,
2025-08-22,95.89583333333333,95.71666666666665,1835.0833333333333,73.63333333333334,49.47083333333333,98.29166666666667,0.7033333333333333,0.0,1.9979166666666666,174.16666666666666,108.79166666666667,
2025-08-23,106.12083333333334,105.94166666666666,1755.4166666666667,78.95416666666667,49.637499999999996,81.125,0.6737500000000001,0.0,2.0145833333333334,180.5,130.91666666666666,
2025-08-24,100.02083333333333,99.55,2134.6666666666665,84.30833333333334,58.5875,90.41666666666667,1.0275,0.0,1.5999999999999999,170.79166666666666,109.0,
2025-08-25,150.38750000000002,150.09166666666667,1981.25,107.13333333333333,67.67083333333333,82.58333333333333,1.6058333333333332,0.0,0.5791666666666667,188.625,143.0,
2025-08-26,114.65833333333335,114.20833333333333,1985.625,89.10416666666667,57.050000000000004,100.58333333333333,0.6629166666666667,0.0,2.1145833333333335,199.375,151.04166666666666,
2025-08-27,113.3125,112.77916666666665,1757.1666666666667,88.35000000000001,55.11666666666667,112.70833333333333,0.5679166666666667,0.0,2.125,190.75,132.875,
2025-08-28,85.30416666666666,84.39166666666667,1346.125,77.36666666666666,51.45416666666667,81.41666666666667,0.7000000000000001,0.0,1.9604166666666665,169.95833333333334,111.16666666666667,
2025-08-29,87.78333333333335,87.03333333333335,1958.2083333333333,73.94583333333334,52.69166666666666,96.0,0.8620833333333334,0.0,1.7666666666666666,173.20833333333334,107.70833333333333,
2025-08-30,76.08333333333333,75.20833333333333,1677.1666666666667,69.6125,40.15833333333333,69.54166666666667,0.7333333333333334,0.0,1.7270833333333335,167.54166666666666,111.04166666666667,
2025-08-31,85.01666666666667,84.65416666666667,2080.5416666666665,75.8,46.5375,87.95833333333333,0.7029166666666667,0.0,2.01875,165.79166666666666,99.375,
2025-09-01,79.39583333333333,78.90833333333333,2830.875,59.833333333333336,38.762499999999996,96.83333333333333,0.5775,0.0,2.347916666666667,171.66666666666666,111.70833333333333,
2025-09-02,69.57083333333334,68.55833333333332,1735.2083333333333,52.050000000000004,35.0875,87.08333333333333,0.47625,0.0,2.339583333333333,159.375,97.58333333333333,
2025-09-03,71.28750000000001,70.0625,1882.0,52.75416666666666,33.275,74.58333333333333,0.3491666666666667,0.0,2.689583333333333,157.91666666666666,96.25,
2025-09-04,68.41250000000001,66.8,1057.0,54.12083333333334,35.2125,63.416666666666664,0.38625,0.0,2.622916666666667,155.0,92.04166666666667,
2025-09-05,114.75,113.77083333333333,1662.4166666666667,73.97083333333333,47.62083333333334,96.08333333333333,0.9104166666666668,0.0,1.9354166666666666,175.375,111.83333333333333,
2025-09-06,113.97500000000001,113.45833333333333,1914.625,83.64999999999999,51.92083333333333,94.75,1.1745833333333333,0.0,1.2437500000000001,187.41666666666666,135.0,
2025-09-07,89.14999999999999,87.99583333333334,1312.1666666666667,68.78333333333333,46.3125,98.91666666666667,0.8879166666666666,0.0,1.6645833333333335,178.04166666666666,111.875,
2025-09-08,92.65416666666665,92.03333333333335,1704.7083333333333,74.08749999999999,49.09166666666667,89.29166666666667,0.6216666666666667,0.0,2.0291666666666663,176.66666666666666,118.95833333333333,
2025-09-09,103.35416666666667,102.62916666666666,2734.75,76.625,52.61666666666667,98.91666666666667,0.8454166666666666,0.0,1.8395833333333333,178.83333333333334,116.95833333333333,
2025-09-10,86.22083333333335,85.67083333333333,2801.3333333333335,66.15416666666667,38.68333333333333,74.45833333333333,0.7520833333333333,0.0,1.8854166666666667,171.83333333333334,117.54166666666667,
2025-09-11,71.58333333333333,71.33333333333333,2245.0416666666665,74.92916666666666,48.29583333333333,52.708333333333336,0.7479166666666667,0.0,1.0479166666666666,158.875,97.95833333333333,
2025-09-12,67.7375,67.19166666666666,3121.0,66.38333333333334,41.079166666666666,45.583333333333336,0.5816666666666667,0.0,1.5708333333333335,156.875,94.79166666666667,
2025-09-13,94.96249999999999,94.07916666666667,3953.8333333333335,77.05833333333334,47.50416666666666,83.45833333333333,0.7704166666666666,0.0,2.00625,165.25,100.5,
2025-09-14,108.81666666666666,107.99166666666667,3082.1666666666665,86.75416666666666,48.520833333333336,88.54166666666667,0.9079166666666666,0.0,1.8125,179.70833333333334,126.16666666666667,
2025-09-15,105.43333333333334,104.31666666666666,2290.1666666666665,85.66250000000001,49.80833333333334,103.54166666666667,1.0291666666666666,0.0,1.9604166666666665,184.45833333333334,122.25,
2025-09-16,103.42083333333333,102.79583333333333,2048.6666666666665,83.27499999999999,53.64166666666667,97.45833333333333,1.1025,0.0,1.5687499999999999,179.70833333333334,126.04166666666667,
2025-09-17,83.34166666666667,83.00416666666666,2111.5,61.28333333333333,46.666666666666664,133.33333333333334,1.3779166666666667,0.0,1.2520833333333334,184.54166666666666,114.20833333333333,
2025-09-18,83.44583333333334,83.13333333333334,3746.1666666666665,85.54583333333333,49.354166666666664,72.20833333333333,0.7933333333333333,0.0,1.2416666666666667,159.83333333333334,99.29166666666667,
2025-09-19,93.58749999999999,92.89583333333333,3661.125,80.83333333333333,51.60833333333333,89.0,0.8808333333333334,0.0,1.6479166666666665,178.08333333333334,120.29166666666667,
2025-09-20,66.45416666666667,65.6875,3402.3333333333335,57.50416666666666,36.5375,51.166666666666664,0.41625,0.0,1.64375,160.75,100.70833333333333,
2025-09-21,97.425,96.53750000000001,2481.0,66.85416666666667,43.0625,68.33333333333333,0.41,0.0,2.5833333333333335,161.08333333333334,101.04166666666667,
2025-09-22,105.53750000000001,105.22916666666667,3603.7083333333335,71.29166666666667,48.03333333333333,113.79166666666667,0.7233333333333333,0.0,2.5479166666666666,186.70833333333334,127.5,
2025-09-23,99.17083333333333,98.70416666666667,2549.5416666666665,74.64166666666667,52.208333333333336,116.125,0.8229166666666666,0.0,2.1416666666666666,179.79166666666666,115.54166666666667,
2025-09-24,102.77083333333333,102.44583333333333,3528.8333333333335,85.12916666666666,55.01666666666667,108.54166666666667,0.6633333333333333,0.0,2.1895833333333337,186.70833333333334,123.0,
2025-09-25,109.37083333333334,108.53333333333335,2539.7083333333335,77.7375,49.56666666666666,122.20833333333333,1.1283333333333332,0.0,1.6520833333333333,189.54166666666666,122.625,
2025-09-26,97.09583333333335,96.63333333333333,1868.7083333333333,75.675,52.93333333333334,101.54166666666667,0.8654166666666666,0.0,2.2375000000000003,181.54166666666666,123.75,
2025-09-27,107.925,107.59166666666665,1799.9583333333333,76.875,46.20416666666667,88.5,0.8566666666666666,0.0,1.7708333333333333,180.16666666666666,125.33333333333333,
2025-09-28,77.41250000000001,75.89999999999999,2150.25,52.583333333333336,35.78333333333333,71.95833333333333,0.5391666666666667,0.0,2.1999999999999997,165.54166666666666,108.08333333333333,
2025-09-29,87.80833333333334,86.89166666666667,2666.0416666666665,69.44583333333334,48.18333333333334,71.04166666666667,0.9208333333333334,0.0,1.4041666666666668,166.16666666666666,109.04166666666667,
2025-09-30,85.82083333333333,85.69583333333333,3159.3333333333335,74.33333333333333,48.02916666666667,102.20833333333333,0.7395833333333334,0.0,1.741666666666667,175.125,105.29166666666667,
2025-10-01,82.7625,82.35416666666667,4188.25,71.49166666666666,45.9625,73.79166666666667,0.5616666666666666,0.0,2.0083333333333333,168.79166666666666,113.0,
2025-10-02,69.49583333333334,68.74583333333334,2930.5833333333335,62.145833333333336,38.637499999999996,50.083333333333336,0.35375,0.0,2.1416666666666666,156.33333333333334,94.08333333333333,
2025-10-03,93.67083333333333,93.27083333333333,4650.0,77.10416666666667,55.99583333333334,86.375,0.45375000000000004,0.0,2.3041666666666667,167.45833333333334,106.45833333333333,
2025-10-04,109.55,108.85833333333333,3481.5,91.89999999999999,51.55833333333334,99.75,0.6704166666666667,0.0,2.3000000000000003,180.66666666666666,114.41666666666667,
2025-10-05,112.75833333333333,111.73333333333333,3092.125,78.68333333333334,48.3375,109.91666666666667,0.9787499999999999,0.0,1.90625,190.79166666666666,137.70833333333334,
2025-10-06,105.89583333333333,105.575,2204.125,75.70416666666667,46.73333333333333,93.83333333333333,0.69,0.0,2.097916666666667,182.33333333333334,129.5,
2025-10-07,99.1375,98.04166666666667,2394.25,69.45833333333333,40.358333333333334,83.875,0.6979166666666666,0.625,2.2416666666666667,169.08333333333334,112.41666666666667,
2025-10-08,132.6625,131.70000000000002,2689.1666666666665,71.82083333333334,51.92083333333333,130.25,1.2249999999999999,0.5833333333333334,1.6312499999999999,192.20833333333334,132.125,
2025-10-09,109.28333333333335,108.46249999999999,2468.0416666666665,79.17083333333333,45.458333333333336,105.16666666666667,0.8254166666666666,0.125,2.2020833333333334,192.45833333333334,140.04166666666666,
2025-10-10,115.8125,115.24166666666667,1834.7916666666667,85.31666666666668,51.09166666666667,104.58333333333333,0.7629166666666666,0.125,2.05,184.33333333333334,125.375,
2025-10-11,124.07083333333333,123.66250000000001,2158.4166666666665,88.07916666666667,51.86666666666667,98.125,0.8575,0.0,1.9666666666666668,192.45833333333334,143.75,
2025-10-12,86.78750000000001,86.29166666666667,2093.9583333333335,64.88333333333334,37.44166666666667,83.625,0.5941666666666666,0.0,2.4875000000000003,175.70833333333334,121.375,
2025-10-13,86.6875,86.02916666666665,1477.0416666666667,65.2375,39.59583333333333,68.70833333333333,0.6904166666666667,0.0,2.1145833333333335,165.375,107.70833333333333,
2025-10-14,92.77499999999999,92.12916666666666,1679.4166666666667,63.78333333333333,40.19166666666667,79.29166666666667,0.5395833333333333,0.0,2.3937500000000003,170.66666666666666,115.875,
2025-10-15,90.8625,90.625,1489.7083333333333,62.88333333333333,39.354166666666664,88.375,0.8895833333333334,0.0,1.6312499999999999,168.04166666666666,108.16666666666667,
2025-10-16,93.36666666666667,92.825,1932.0,62.49583333333334,43.8375,83.54166666666667,0.7366666666666667,0.0,2.0166666666666666,172.58333333333334,115.75,
2025-10-17,83.66666666666667,83.27499999999999,2662.75,59.5375,47.541666666666664,95.41666666666667,1.0175,0.0,1.8416666666666668,172.66666666666666,108.08333333333333,
2025-10-18,89.36666666666667,89.13333333333333,3870.4166666666665,77.16666666666667,46.32916666666667,92.25,0.8554166666666667,0.0,1.98125,171.66666666666666,107.875,
2025-10-19,115.75833333333333,115.64166666666667,4126.208333333333,88.33333333333333,55.6875,101.25,0.9725,0.0,2.025,180.41666666666666,119.0,
2025-10-20,128.76250000000002,128.63333333333333,3291.5416666666665,93.74166666666667,60.979166666666664,113.20833333333333,1.22,0.0,1.425,197.875,147.08333333333334,
2025-10-21,115.41666666666667,115.2375,1948.625,80.55833333333334,64.27083333333333,80.45833333333333,1.2716666666666667,0.0,1.2625,183.45833333333334,135.375,
2025-10-22,80.55416666666666,80.075,2119.25,71.21666666666667,54.104166666666664,54.75,0.8525,0.0,1.4520833333333334,167.75,111.5,
2025-10-23,61.541666666666664,60.637499999999996,1674.5416666666667,59.775,47.7125,18.875,0.38666666666666666,0.0,1.2750000000000001,158.875,97.75,
2025-10-24,60.020833333333336,59.1625,1791.2083333333333,52.96666666666667,42.420833333333334,11.375,0.27,0.0,0.71875,149.83333333333334,85.54166666666667,
2025-10-25,67.52916666666667,66.50833333333334,1863.6666666666667,48.10833333333333,38.30416666666667,34.291666666666664,0.31625,0.0,2.025,153.54166666666666,89.875,
2025-10-26,70.89583333333333,70.075,3309.8333333333335,55.46666666666667,40.862500000000004,42.0,0.5833333333333334,0.0,1.7562499999999999,159.375,98.54166666666667,
2025-10-27,84.75833333333334,84.45833333333333,3901.375,66.43333333333334,48.104166666666664,76.0,0.6699999999999999,0.0,1.8875,162.20833333333334,100.58333333333333,
2025-10-28,109.52916666666665,108.83749999999999,3558.75,99.55,63.49166666666667,42.125,0.8291666666666666,0.0,0.6124999999999999,172.375,118.5,
2025-10-29,86.19166666666666,85.375,3859.0833333333335,72.54583333333333,48.64166666666667,45.416666666666664,0.5404166666666667,0.0,1.1979166666666667,170.04166666666666,114.83333333333333,
2025-10-30,87.2625,86.2375,4521.666666666667,79.375,49.8125,21.5,0.6445833333333334,0.0,1.0625,166.91666666666666,110.20833333333333,
2025-10-31,83.87083333333334,83.27083333333333,5042.833333333333,63.5,44.525,43.0,0.6220833333333333,0.0,1.6770833333333333,165.91666666666666,108.625,
2025-11-01,88.98333333333333,88.575,3679.2083333333335,76.01666666666667,53.041666666666664,89.79166666666667,0.7054166666666667,0.0,2.0083333333333333,173.875,110.45833333333333,
2025-11-02,98.97916666666667,98.44166666666666,4778.5,79.68333333333334,47.50416666666666,79.625,0.6625,0.0,1.7958333333333334,169.45833333333334,111.58333333333333,
2025-11-03,95.40833333333335,95.25416666666666,3536.1666666666665,70.32083333333334,47.94583333333333,60.333333333333336,0.6708333333333334,0.0,1.8125,175.125,122.58333333333333,
2025-11-04,79.16666666666667,78.55,3096.1666666666665,44.666666666666664,42.824999999999996,38.916666666666664,0.45999999999999996,0.0,2.089583333333333,164.83333333333334,106.91666666666667,
2025-11-05,46.800000000000004,46.18333333333334,1705.9166666666667,33.56666666666667,36.25416666666667,27.375,0.29333333333333333,0.0,1.9416666666666667,154.91666666666666,92.83333333333333,
2025-11-06,30.083333333333332,29.441666666666666,896.1666666666666,30.02916666666667,26.375,28.958333333333332,0.18625,0.0,2.3354166666666667,95.16666666666667,66.41666666666667,
2025-11-07,39.19583333333333,38.516666666666666,977.75,31.78333333333333,33.38333333333333,24.875,0.265,0.0,1.6541666666666668,96.79166666666667,67.125,
2025-11-08,32.59583333333333,32.199999999999996,1084.0416666666667,30.09166666666667,32.44583333333333,26.208333333333332,0.2608333333333333,0.0,1.425,100.125,68.29166666666667,
2025-11-09,37.05416666666667,36.137499999999996,1125.9166666666667,28.837500000000002,30.099999999999998,29.583333333333332,0.24750000000000003,0.0,2.370833333333333,99.29166666666667,68.08333333333333,
2025-11-10,39.59166666666667,38.704166666666666,900.7083333333334,31.479166666666668,32.916666666666664,30.416666666666668,0.23791666666666667,0.0,2.0729166666666665,103.79166666666667,69.625,
2025-11-11,45.43333333333334,44.93333333333334,1122.25,36.416666666666664,38.420833333333334,23.25,0.23791666666666667,0.0,1.4458333333333335,115.04166666666667,73.41666666666667,
2025-11-12,39.25,38.7125,1147.6666666666667,34.75833333333333,31.520833333333332,19.875,0.20833333333333334,0.0,1.9375,113.54166666666667,72.66666666666667,
2025-11-13,39.97083333333333,39.50416666666667,1046.125,34.55416666666667,32.199999999999996,19.375,0.18000000000000002,0.0,1.2333333333333334,113.45833333333333,72.66666666666667,
2025-11-14,39.84166666666667,39.31666666666667,1177.3333333333333,33.4625,32.233333333333334,20.791666666666668,0.19166666666666665,0.0,1.7104166666666665,105.79166666666667,70.29166666666667,
2025-11-15,61.57916666666666,60.56666666666666,2596.5,40.90833333333333,43.37083333333334,53.333333333333336,0.43,0.0,1.9520833333333334,131.29166666666666,78.83333333333333,
2025-11-16,32.85,32.175,1210.0833333333333,27.704166666666666,28.7625,29.041666666666668,0.21375,0.0,2.5104166666666665,125.08333333333333,77.0,
2025-11-17,46.55833333333334,45.699999999999996,2290.75,29.879166666666666,31.304166666666664,22.125,0.22124999999999997,0.0,2.129166666666667,116.20833333333333,73.54166666666667,
2025-11-18,62.84583333333333,62.24583333333334,2629.0416666666665,52.958333333333336,56.05416666666667,21.25,0.285,0.0,1.4124999999999999,139.125,81.375,
2025-11-19,70.11666666666666,69.17916666666666,2139.1666666666665,56.025,56.05416666666667,25.125,0.43333333333333335,0.0,1.1500000000000001,157.125,95.33333333333333,
2025-11-20,36.65833333333333,36.204166666666666,1358.125,33.15833333333333,35.40833333333333,18.541666666666668,0.30125,0.0,0.7687499999999999,135.08333333333334,80.91666666666667,
2025-11-21,44.479166666666664,43.43333333333334,1909.25,31.245833333333334,30.391666666666666,31.041666666666668,0.2754166666666667,0.0,1.9291666666666665,111.5,72.08333333333333,
2025-11-22,67.95833333333333,66.37916666666666,3816.375,52.19166666666666,44.74583333333334,51.708333333333336,0.49291666666666667,0.0,1.9541666666666666,139.29166666666666,81.83333333333333,
2025-11-23,58.7875,57.99583333333334,2815.25,48.775,47.0625,26.916666666666668,0.46208333333333335,0.0,1.2562499999999999,156.33333333333334,93.91666666666667,
2025-11-24,45.55416666666667,44.24583333333334,1952.9166666666667,28.3875,27.020833333333332,36.333333333333336,0.215,0.0,2.6833333333333336,139.5,81.20833333333333,
2025-11-25,48.64166666666667,46.979166666666664,1446.4166666666667,30.916666666666668,27.525000000000002,38.291666666666664,0.22458333333333333,0.0,2.5625,123.25,75.91666666666667,
2025-11-26,54.49583333333334,52.80416666666667,1021.125,36.233333333333334,33.104166666666664,30.25,0.24875,0.0,2.0520833333333335,132.75,78.95833333333333,
2025-11-27,70.89166666666667,69.22500000000001,1490.5,51.64166666666667,38.604166666666664,66.58333333333333,0.5008333333333334,0.0,2.3583333333333334,147.58333333333334,84.875,
2025-11-28,80.58333333333333,78.52499999999999,1479.7916666666667,70.175,43.125,50.041666666666664,0.4466666666666667,0.0,2.2916666666666665,160.95833333333334,100.875,
2025-11-29,77.7375,75.71249999999999,1359.5833333333333,66.5125,41.2125,43.75,0.6041666666666666,0.0,1.7270833333333335,162.75,103.83333333333333,
2025-11-30,87.10416666666667,85.75833333333333,1853.4166666666667,62.37916666666666,44.104166666666664,88.625,0.94,0.0,1.7854166666666667,166.875,103.04166666666667,
2025-12-01,99.05416666666667,98.25833333333333,1978.0416666666667,81.68333333333334,47.525,81.95833333333333,0.9154166666666667,0.0,1.3166666666666667,170.33333333333334,110.875,
2025-12-02,100.34583333333335,99.13333333333333,1741.625,80.23333333333333,53.85,88.0,0.8033333333333333,0.0,1.9041666666666666,178.125,125.58333333333333,
2025-12-03,80.76666666666667,80.59166666666667,2208.8333333333335,62.35,43.15833333333333,80.625,0.7912499999999999,0.0,1.4229166666666666,165.75,108.375,
2025-12-04,96.14166666666667,95.84583333333335,3128.5833333333335,89.82916666666667,61.74583333333334,56.5,0.8270833333333334,0.0,1.3104166666666666,167.95833333333334,111.79166666666667,
2025-12-05,101.83333333333333,101.8,3881.9583333333335,84.06666666666666,63.62916666666666,78.5,0.6120833333333333,0.0,1.6979166666666667,171.5,117.04166666666667,
2025-12-06,74.29583333333333,74.16666666666667,3243.0416666666665,71.075,53.27916666666667,80.125,0.8070833333333334,0.0,1.4625000000000001,166.70833333333334,108.125,
2025-12-07,97.875,97.33749999999999,2590.0,71.67083333333333,60.362500000000004,67.375,0.9533333333333333,0.0,1.175,168.875,113.08333333333333,
2025-12-08,60.537499999999994,59.083333333333336,2253.25,48.3375,39.27916666666667,23.833333333333332,0.4141666666666666,0.0,1.3791666666666667,164.16666666666666,105.91666666666667,
2025-12-09,49.8375,48.362500000000004,1671.5,50.21666666666667,47.887499999999996,15.583333333333334,0.44375000000000003,0.0,1.1770833333333333,116.70833333333333,73.83333333333333,
2025-12-10,71.95416666666667,70.57083333333334,1678.5833333333333,64.10000000000001,56.833333333333336,29.541666666666668,0.8245833333333333,0.0,0.75625,153.5,91.75,
2025-12-11,68.66666666666667,67.53333333333333,2016.8333333333333,61.770833333333336,51.78333333333333,38.166666666666664,0.7937500000000001,0.0,1.2604166666666667,156.25,93.83333333333333,
2025-12-12,76.25416666666666,74.55416666666666,2036.5833333333333,59.262499999999996,48.137499999999996,48.666666666666664,0.6275000000000001,0.375,1.9020833333333333,157.20833333333334,95.41666666666667,
2025-12-13,55.925000000000004,54.09583333333333,1071.7916666666667,44.199999999999996,38.07083333333333,29.916666666666668,0.36791666666666667,0.25,1.9333333333333333,161.41666666666666,101.625,
2025-12-14,23.7,23.287499999999998,593.125,26.104166666666668,26.150000000000002,22.75,0.21208333333333332,0.0,1.9041666666666668,93.54166666666667,65.04166666666667,
2025-12-15,20.704166666666666,20.033333333333335,542.3333333333334,23.754166666666666,21.620833333333334,27.916666666666668,0.18916666666666668,0.0,2.05625,69.91666666666667,45.541666666666664,
2025-12-16,23.1875,22.566666666666666,553.9583333333334,23.2375,21.7,25.25,0.19625,0.0,1.9500000000000002,69.33333333333333,44.5,
2025-12-17,25.162499999999998,24.829166666666666,525.0416666666666,24.895833333333332,25.704166666666666,23.291666666666668,0.14916666666666667,0.0,2.1875,75.08333333333333,55.125,
2025-12-18,18.375,18.083333333333332,542.875,22.77916666666667,22.245833333333334,21.958333333333332,0.14458333333333334,0.0,1.54375,65.45833333333333,40.083333333333336,
2025-12-19,24.4375,23.670833333333334,635.2083333333334,25.858333333333334,29.191666666666666,19.083333333333332,0.24,0.0,1.4895833333333333,73.29166666666667,51.708333333333336,
2025-12-20,28.191666666666666,27.579166666666666,831.5833333333334,32.05833333333333,34.7875,19.958333333333332,0.27499999999999997,0.0,1.1104166666666666,68.58333333333333,43.958333333333336,
2025-12-21,35.19583333333333,34.63333333333333,881.3333333333334,31.75,36.979166666666664,32.125,0.35125,0.0,1.6145833333333333,93.16666666666667,65.875,
2025-12-22,69.69166666666666,69.31666666666668,1219.0416666666667,56.395833333333336,48.54583333333333,44.375,0.52375,0.0,1.4770833333333335,125.95833333333333,77.29166666666667,
2025-12-23,66.26666666666667,66.175,1337.0416666666667,66.44166666666666,62.84166666666667,57.208333333333336,0.5962500000000001,0.0,1.5250000000000001,159.54166666666666,98.91666666666667,
2025-12-24,84.5125,83.97083333333333,1210.6666666666667,77.37083333333334,69.12083333333334,21.791666666666668,0.49833333333333335,0.0,0.6541666666666667,158.54166666666666,97.29166666666667,
2025-12-25,87.00833333333333,86.7375,1420.9583333333333,67.01666666666667,59.99583333333334,42.75,0.49666666666666665,0.0,2.035416666666667,172.66666666666666,118.875,
2025-12-26,37.82083333333333,37.4,1179.6666666666667,39.5,50.76666666666667,19.0,0.32458333333333333,0.0,1.1229166666666666,138.75,84.54166666666667,
2025-12-27,27.666666666666668,26.958333333333332,839.1666666666666,23.433333333333334,26.65833333333333,19.583333333333332,0.2525,0.0,1.7874999999999999,89.33333333333333,64.375,
2025-12-28,41.85,40.75416666666667,727.875,26.09583333333333,31.945833333333336,19.041666666666668,0.2733333333333333,0.0,1.7666666666666666,99.5,68.04166666666667,
2025-12-29,47.28333333333333,46.80833333333334,757.4166666666666,36.824999999999996,39.125,27.333333333333332,0.4975,0.125,1.4145833333333335,111.16666666666667,72.04166666666667,
2025-12-30,49.90416666666667,49.30833333333334,1116.4583333333333,39.983333333333334,44.895833333333336,21.208333333333332,0.37875,0.0,1.4937500000000001,131.625,78.45833333333333,
2025-12-31,48.55833333333334,48.237500000000004,1994.6666666666667,60.5,56.90416666666667,20.875,0.35833333333333334,0.0,0.47500000000000003,140.625,81.45833333333333,
2026-01-01,38.50833333333333,38.13333333333333,1306.375,38.9625,44.21666666666667,15.666666666666666,0.21583333333333332,0.0,1.08125,105.54166666666667,70.125,
2026-01-02,46.85,46.020833333333336,1521.9583333333333,41.608333333333334,45.65833333333333,16.875,0.29541666666666666,0.0,1.5916666666666668,133.79166666666666,79.29166666666667,
2026-01-03,37.24166666666667,36.9,2862.6666666666665,48.93333333333334,50.15416666666667,14.458333333333334,0.18625,0.0,0.9125000000000001,101.5,68.75,
2026-01-04,48.00416666666666,47.487500000000004,3462.25,52.479166666666664,48.80416666666667,49.75,0.5029166666666667,0.0,1.4708333333333332,120.66666666666667,75.04166666666667,
2026-01-05,76.65833333333333,76.0125,3924.2083333333335,77.27083333333333,59.854166666666664,58.291666666666664,0.4879166666666666,0.0,2.1104166666666666,152.41666666666666,91.375,
2026-01-06,80.13333333333334,79.43333333333334,2544.375,73.05,69.20833333333333,58.333333333333336,0.5641666666666667,0.0,2.091666666666667,161.58333333333334,102.0,
2026-01-07,92.625,92.18333333333334,1951.5833333333333,76.29166666666667,76.55416666666666,26.375,0.6641666666666667,0.0,0.8624999999999999,167.04166666666666,110.20833333333333,
2026-01-08,47.49166666666667,46.21666666666667,1341.0,33.666666666666664,35.24583333333333,17.541666666666668,0.28541666666666665,0.0,1.4854166666666666,158.625,98.5,
2026-01-09,33.050000000000004,32.170833333333334,1208.9583333333333,26.349999999999998,31.291666666666668,21.791666666666668,0.245,0.0,1.3583333333333334,95.125,66.41666666666667,
2026-01-10,24.825,24.229166666666668,1117.7916666666667,23.8125,29.0625,18.625,0.2520833333333333,0.0,1.3625,87.08333333333333,63.583333333333336,
2026-01-11,25.354166666666668,24.96666666666667,877.5,28.02916666666667,30.458333333333332,13.375,0.22333333333333336,0.0,0.9666666666666667,72.83333333333333,50.958333333333336,
2026-01-12,25.391666666666666,25.108333333333334,1434.25,27.754166666666666,30.695833333333336,15.125,0.23208333333333334,0.0,0.9375,80.91666666666667,61.25,
2026-01-13,27.241666666666664,26.758333333333336,1181.8333333333333,27.53333333333333,32.92916666666667,21.333333333333332,0.26875,0.0,1.0729166666666667,75.83333333333333,55.916666666666664,
2026-01-14,21.929166666666664,21.662499999999998,1000.875,24.45,27.745833333333334,18.458333333333332,0.21916666666666665,0.0,1.2437500000000001,80.41666666666667,60.166666666666664,
2026-01-15,23.02916666666667,22.570833333333336,989.8333333333334,25.537499999999998,26.6875,23.916666666666668,0.22041666666666668,0.0,1.6604166666666667,67.20833333333333,40.833333333333336,
2026-01-16,36.375,35.49166666666667,1502.7083333333333,28.962500000000002,32.512499999999996,27.291666666666668,0.2925,0.0,1.6416666666666666,81.75,60.666666666666664,
2026-01-17,37.729166666666664,37.324999999999996,1487.5833333333333,36.045833333333334,37.458333333333336,41.375,0.4270833333333333,0.0,1.5708333333333335,110.91666666666667,71.875,
2026-01-18,39.979166666666664,39.74583333333333,1673.2916666666667,46.262499999999996,46.949999999999996,30.333333333333332,0.20833333333333334,0.0,2.19375,94.20833333333333,66.20833333333333,
2026-01-19,64.48333333333333,64.11666666666666,2187.7083333333335,55.8125,51.1625,29.333333333333332,0.4275,0.0,1.4833333333333334,146.41666666666666,85.375,
2026-01-20,59.92083333333333,59.475,2763.375,52.475,51.40833333333333,32.791666666666664,0.395,0.0,1.8187499999999999,158.25,96.95833333333333,
2026-01-21,31.354166666666668,30.741666666666664,1728.7083333333333,44.645833333333336,37.31666666666667,19.583333333333332,0.16416666666666666,0.0,0.49374999999999997,95.70833333333333,66.41666666666667,
2026-01-22,36.541666666666664,35.862500000000004,1501.375,43.13333333333333,43.24166666666667,28.958333333333332,0.3458333333333334,0.0,0.8854166666666666,104.70833333333333,69.625,
2026-01-23,37.641666666666666,37.0,1720.7916666666667,50.458333333333336,39.229166666666664,35.875,0.57125,0.0,0.5729166666666666,97.5,67.41666666666667,
2026-01-24,49.93333333333334,48.137499999999996,3281.375,52.862500000000004,34.270833333333336,53.625,0.42208333333333337,0.0,2.064583333333333,109.95833333333333,71.66666666666667,
2026-01-25,68.77083333333333,67.27499999999999,2581.25,63.56666666666666,48.3375,59.791666666666664,0.5229166666666667,0.0,2.2270833333333333,153.20833333333334,90.875,
2026-01-26,66.6375,64.78750000000001,2744.6666666666665,69.00416666666666,53.6625,51.75,0.52625,0.0,2.0500000000000003,155.16666666666666,92.375,
2026-01-27,47.875,46.4,1840.4166666666667,59.458333333333336,44.60833333333333,51.916666666666664,0.49125,0.0,1.9645833333333333,148.375,85.29166666666667,
2026-01-28,46.762499999999996,45.708333333333336,2163.4583333333335,53.01666666666667,40.1625,46.958333333333336,0.6070833333333333,0.0,0.9916666666666667,104.25,69.625,
2026-01-29,58.5375,57.550000000000004,2645.2916666666665,64.125,44.78333333333333,37.875,0.5650000000000001,0.0,1.20625,151.08333333333334,88.875,
2026-01-30,70.9875,70.43333333333334,2992.9166666666665,79.5,68.97500000000001,31.541666666666668,0.5008333333333334,0.0,1.5333333333333332,150.33333333333334,86.79166666666667,
2026-01-31,69.09583333333333,68.62916666666668,2138.4166666666665,67.5125,58.37083333333334,43.625,0.5733333333333334,0.0,1.4916666666666665,160.91666666666666,100.95833333333333,
2026-02-01,54.225,53.99166666666667,2154.0,52.49583333333334,49.987500000000004,31.083333333333332,0.48416666666666663,0.0,1.3770833333333332,152.875,88.75,
2026-02-02,49.525,49.050000000000004,1807.0416666666667,44.01666666666667,45.69166666666666,36.041666666666664,0.3645833333333333,0.0,1.90625,124.45833333333333,76.25,
2026-02-03,70.62083333333334,70.26666666666667,2282.3333333333335,59.59583333333333,50.333333333333336,45.5,0.465,0.0,1.6583333333333332,153.33333333333334,91.29166666666667,
2026-02-04,47.69583333333333,47.34583333333333,2100.0,35.02916666666667,37.75,25.875,0.35625,0.0,1.325,152.875,89.66666666666667,
2026-02-05,27.129166666666666,26.808333333333334,1260.7916666666667,25.879166666666666,33.15833333333333,23.916666666666668,0.2775,0.0,1.3645833333333333,92.29166666666667,65.41666666666667,
2026-02-06,27.516666666666666,27.066666666666666,1229.875,22.675,27.941666666666666,20.208333333333332,0.22624999999999998,0.0,1.8687500000000001,82.29166666666667,61.708333333333336,
2026-02-07,29.604166666666668,28.916666666666668,1165.0,24.8125,33.862500000000004,24.541666666666668,0.33,0.0,1.2895833333333333,84.79166666666667,62.791666666666664,
2026-02-08,34.458333333333336,33.920833333333334,2953.7083333333335,33.82083333333333,39.262499999999996,30.333333333333332,0.24791666666666667,0.0,1.9166666666666667,82.16666666666667,61.708333333333336,
2026-02-09,59.49166666666667,58.80833333333334,3698.75,52.12083333333334,48.82916666666667,32.666666666666664,0.4791666666666667,0.0,0.9083333333333333,125.75,76.70833333333333,
2026-02-10,68.2375,68.0125,3331.8333333333335,66.45833333333333,53.583333333333336,43.625,0.5654166666666667,0.0,0.9562499999999999,158.91666666666666,97.75,
2026-02-11,74.0625,73.79583333333333,2588.125,61.020833333333336,47.8375,41.75,0.5916666666666667,0.0,1.7708333333333333,155.58333333333334,92.875,
2026-02-12,58.895833333333336,58.300000000000004,1984.125,46.45416666666667,39.00833333333333,25.625,0.44416666666666665,0.0,1.4749999999999999,159.79166666666666,99.45833333333333,
2026-02-13,55.45416666666667,54.75416666666667,2863.2083333333335,51.512499999999996,43.50833333333333,32.333333333333336,0.46125,0.0,1.4958333333333333,122.91666666666667,75.75,
2026-02-14,83.6625,83.41666666666667,3265.875,68.42916666666666,56.90416666666667,38.833333333333336,0.5154166666666666,0.0,1.3979166666666665,161.20833333333334,101.29166666666667,
2026-02-15,53.708333333333336,53.175000000000004,2204.75,55.208333333333336,51.5375,46.833333333333336,0.46125,0.0,2.2604166666666665,153.5,90.08333333333333,
2026-02-16,49.512499999999996,49.06666666666666,1807.3333333333333,53.05416666666667,48.725,36.708333333333336,0.43583333333333335,0.0,1.2125,148.16666666666666,84.58333333333333,
2026-02-17,42.94583333333333,42.49166666666667,3175.8333333333335,41.57083333333333,41.583333333333336,20.25,0.28291666666666665,0.0,1.2520833333333334,107.375,70.70833333333333,
2026-02-18,55.6875,55.487500000000004,2126.2083333333335,61.75,54.95416666666667,45.125,0.37375,0.0,1.9020833333333333,144.16666666666666,82.79166666666667,
2026-06-07,84.875000,83.695833,,,,,,,,,,Open-Meteo CAMS recent refresh
2026-06-08,86.908333,84.829167,,,,,,,,,,Open-Meteo CAMS recent refresh
2026-06-09,107.333333,104.675000,,,,,,,,,,Open-Meteo CAMS recent refresh
2026-06-10,97.462500,94.925000,,,,,,,,,,Open-Meteo CAMS recent refresh
2026-06-11,105.812500,103.870833,,,,,,,,,,Open-Meteo CAMS recent refresh
2026-06-12,102.591667,99.691667,,,,,,,,,,Open-Meteo CAMS recent refresh
2026-06-13,86.762500,85.616667,,,,,,,,,,Open-Meteo CAMS recent refresh
2026-06-14,78.158333,77.483333,,,,,,,,,,Open-Meteo CAMS recent refresh
2026-06-15,70.300000,69.954167,,,,,,,,,,Open-Meteo CAMS recent refresh
2026-06-16,67.216667,65.787500,,,,,,,,,,Open-Meteo CAMS recent refresh
2026-06-17,93.908333,92.566667,,,,,,,,,,Open-Meteo CAMS recent refresh
2026-06-18,87.475000,86.591667,,,,,,,,,,Open-Meteo CAMS recent refresh
2026-06-19,84.354167,83.391667,,,,,,,,,,Open-Meteo CAMS recent refresh
2026-06-20,89.150000,88.220833,,,,,,,,,,Open-Meteo CAMS recent refresh
2026-06-21,82.079167,81.233333,,,,,,,,,,Open-Meteo CAMS recent refresh
2026-06-22,90.116667,89.712500,,,,,,,,,,Open-Meteo CAMS recent refresh
2026-06-23,102.737500,102.237500,,,,,,,,,,Open-Meteo CAMS recent refresh
2026-06-24,103.366667,102.908333,,,,,,,,,,Open-Meteo CAMS recent refresh
2026-06-25,84.920833,84.604167,,,,,,,,,,Open-Meteo CAMS recent refresh
2026-06-26,105.350000,105.045833,,,,,,,,,,Open-Meteo CAMS recent refresh
2026-06-27,89.679167,89.175000,,,,,,,,,,Open-Meteo CAMS recent refresh
2026-06-28,94.058333,92.375000,,,,,,,,,,Open-Meteo CAMS recent refresh
2026-06-29,103.375000,101.812500,,,,,,,,,,Open-Meteo CAMS recent refresh
2026-06-30,105.525000,104.062500,,,,,,,,,,Open-Meteo CAMS recent refresh
2026-07-01,85.175000,83.987500,,,,,,,,,,Open-Meteo CAMS recent refresh
2026-07-02,74.058333,72.495833,,,,,,,,,,Open-Meteo CAMS recent refresh
2026-07-03,93.866667,92.575000,,,,,,,,,,Open-Meteo CAMS recent refresh
2026-07-04,76.837500,75.966667,,,,,,,,,,Open-Meteo CAMS recent refresh
2026-07-05,61.925000,60.850000,,,,,,,,,,Open-Meteo CAMS recent refresh
2026-07-06,73.558333,72.750000,,,,,,,,,,Open-Meteo CAMS recent refresh
2026-07-07,108.350000,107.187500,,,,,,,,,,Open-Meteo CAMS recent refresh
2026-07-08,99.366667,97.029167,,,,,,,,,,Open-Meteo CAMS recent refresh
2026-07-09,69.333333,66.112500,,,,,,,,,,Open-Meteo CAMS recent refresh
2026-07-10,75.879167,71.333333,,,,,,,,,,Open-Meteo CAMS recent refresh
2026-07-11,95.766667,91.758333,,,,,,,,,,Open-Meteo CAMS recent refresh
2026-07-12,87.791667,83.687500,,,,,,,,,,Open-Meteo CAMS recent refresh
2026-07-13,75.708333,73.608333,,,,,,,,,,Open-Meteo CAMS recent refresh
2026-07-14,66.158333,64.800000,,,,,,,,,,Open-Meteo CAMS recent refresh
2026-07-15,69.562500,68.408333,,,,,,,,,,Open-Meteo CAMS recent refresh
2026-07-16,74.679167,73.845833,,,,,,,,,,Open-Meteo CAMS recent refresh
2026-07-17,81.470833,80.541667,,,,,,,,,,Open-Meteo CAMS recent refresh
2026-07-18,110.287500,108.779167,,,,,,,,,,Open-Meteo CAMS recent refresh
2026-07-19,99.762500,97.100000,,,,,,,,,,Open-Meteo CAMS recent refresh
2026-07-20,100.604167,95.504167,,,,,,,,,,Open-Meteo CAMS recent refresh
2026-07-21,87.104167,84.733333,,,,,,,,,,Open-Meteo CAMS recent refresh
2026-07-22,66.916667,63.908333,,,,,,,,,,Open-Meteo CAMS recent refresh
2026-07-23,59.508333,56.866667,,,,,,,,,,Open-Meteo CAMS recent refresh
2026-07-24,72.783333,69.745833,,,,,,,,,,Open-Meteo CAMS recent refresh
2026-07-25,57.454167,54.175000,,,,,,,,,,Open-Meteo CAMS recent refresh
2026-07-26,64.845833,61.483333,,,,,,,,,,Open-Meteo CAMS recent refresh
2026-07-27,61.654167,59.625000,,,,,,,,,,Open-Meteo CAMS recent refresh
2026-07-28,53.754167,52.375000,,,,,,,,,,Open-Meteo CAMS recent refresh
2026-07-29,69.562500,68.533333,,,,,,,,,,Open-Meteo CAMS recent refresh
2026-07-30,82.112500,81.358333,,,,,,,,,,Open-Meteo CAMS recent refresh
2026-07-31,91.529167,89.966667,,,,,,,,,,Open-Meteo CAMS recent refresh
2026-08-01,87.191667,85.700000,,,,,,,,,,Open-Meteo CAMS recent refresh
2026-08-02,81.183333,79.254167,,,,,,,,,,Open-Meteo CAMS recent refresh
2026-08-03,67.787500,64.700000,,,,,,,,,,Open-Meteo CAMS recent refresh
2026-08-04,85.775000,83.654167,,,,,,,,,,Open-Meteo CAMS recent refresh
2026-08-05,83.479167,81.975000,,,,,,,,,,Open-Meteo CAMS recent refresh
2026-08-06,85.920833,84.004167,,,,,,,,,,Open-Meteo CAMS recent refresh
2026-08-07,79.666667,77.916667,,,,,,,,,,Open-Meteo CAMS recent refresh
2026-08-08,102.354167,100.920833,,,,,,,,,,Open-Meteo CAMS recent refresh
2026-08-09,86.145833,83.916667,,,,,,,,,,Open-Meteo CAMS recent refresh
2026-08-10,101.716667,98.441667,,,,,,,,,,Open-Meteo CAMS recent refresh
2026-08-11,97.704167,93.829167,,,,,,,,,,Open-Meteo CAMS recent refresh
2026-08-12,80.775000,76.575000,,,,,,,,,,Open-Meteo CAMS recent refresh
2026-08-13,94.070833,92.062500,,,,,,,,,,Open-Meteo CAMS recent refresh
2026-08-14,101.629167,99.829167,,,,,,,,,,Open-Meteo CAMS recent refresh
2026-08-15,113.045833,111.312500,,,,,,,,,,Open-Meteo CAMS recent refresh
2026-08-16,99.804167,97.470833,,,,,,,,,,Open-Meteo CAMS recent refresh
2026-08-17,95.279167,93.108333,,,,,,,,,,Open-Meteo CAMS recent refresh
2026-08-18,73.262500,71.191667,,,,,,,,,,Open-Meteo CAMS recent refresh
2026-08-19,96.870833,93.925000,,,,,,,,,,Open-Meteo CAMS recent refresh
2026-08-20,111.250000,109.245833,,,,,,,,,,Open-Meteo CAMS recent refresh
2026-08-21,93.425000,90.170833,,,,,,,,,,Open-Meteo CAMS recent refresh
2026-08-22,77.208333,74.470833,,,,,,,,,,Open-Meteo CAMS recent refresh
2026-08-23,94.012500,92.154167,,,,,,,,,,Open-Meteo CAMS recent refresh
2026-08-24,93.295833,89.937500,,,,,,,,,,Open-Meteo CAMS recent refresh
2026-08-25,80.079167,76.441667,,,,,,,,,,Open-Meteo CAMS recent refresh
2026-08-26,69.825000,66.487500,,,,,,,,,,Open-Meteo CAMS recent refresh
2026-08-27,97.808333,96.512500,,,,,,,,,,Open-Meteo CAMS recent refresh
2026-08-28,106.412500,104.629167,,,,,,,,,,Open-Meteo CAMS recent refresh
2026-08-29,93.841667,90.358333,,,,,,,,,,Open-Meteo CAMS recent refresh
2026-08-30,74.866667,73.066667,,,,,,,,,,Open-Meteo CAMS recent refresh
2026-08-31,74.191667,72.183333,,,,,,,,,,Open-Meteo CAMS recent refresh
2026-09-01,94.875000,92.633333,,,,,,,,,,Open-Meteo CAMS recent refresh
2026-09-02,66.512500,63.804167,,,,,,,,,,Open-Meteo CAMS recent refresh
2026-09-03,78.808333,77.358333,,,,,,,,,,Open-Meteo CAMS recent refresh
2026-09-04,103.262500,100.483333,,,,,,,,,,Open-Meteo CAMS recent refresh
2026-09-05,96.041667,93.079167,,,,,,,,,,Open-Meteo CAMS recent refresh
2026-09-06,70.920833,67.600000,,,,,,,,,,Open-Meteo CAMS recent refresh
